symbol,stock_name,industry,sub_industry
20MICRONS,20 Microns Limited,,
21STCENMGM,,,
3IINFOTECH,3i Infotech Limited,IT,COMPUTERS - SOFTWARE
3MINDIA,3M India Limited,SERVICES,DIVERSIFIED
3PLAND,,,
5PAISA,,,
63MOONS,63 moons technologies limited,IT,COMPUTERS - SOFTWARE
8KMILES,8K Miles Software Services Limited,IT,COMPUTERS - SOFTWARE
A2ZINFRA,A2Z Infra Engineering Limited,INDUSTRIAL MANUFACTURING,
AARTIDRUGS,Aarti Drugs Limited,PHARMA,PHARMACEUTICALS
AARTIIND,Aarti Industries Limited,CHEMICALS,CHEMICALS
AARVEEDEN,Aarvee Denims & Exports Limited,TEXTILES,TEXTILES - DENIM
ABAN,Aban Offshore Limited,ENERGY,OIL DRILLING AND EXPLORATION
ABB,ABB India Limited,INDUSTRIAL MANUFACTURING,INFRASTRUCTURE - GENERAL
ABBOTINDIA,Abbott India Limited,PHARMA,PHARMACEUTICALS
ABCAPITAL,Aditya Birla Capital Limited,FINANCIAL SERVICES,FINANCE - INVESTMENTS
ABFRL,Aditya Birla Fashion and Retail Limited,CONSUMER GOODS,RETAIL
ABGSHIP,ABG Shipyard Limited,INDUSTRIAL MANUFACTURING,SHIPPING
ACC,ACC Limited,CEMENT & CEMENT PRODUCTS,CEMENT - MAJOR
ACCELYA,Accelya Kale Solutions Limited,,
ACCURACY,,,
ACE,Action Construction Equipment Limited,INDUSTRIAL MANUFACTURING,
ADANIENT,Adani Enterprises Limited,SERVICES,TRADING
ADANIGREEN,,,
ADANIPORTS,Adani Ports and Special Economic Zone Limited,SERVICES,INFRASTRUCTURE - GENERAL
ADANIPOWER,Adani Power Limited,ENERGY,POWER - GENERATION & DISTRIBUTION
ADANITRANS,Adani Transmission Limited,ENERGY,POWER - TRANSMISSION & EQUIPMENT
ADFFOODS,ADF Foods Limited,CONSUMER GOODS,FOOD PROCESSING
ADHUNIK,Adhunik Metaliks Limited,METALS,
ADHUNIKIND,Adhunik Industries Limited,,
ADLABS,Adlabs Entertainment Limited,MEDIA & ENTERTAINMENT,MEDIA & ENTERTAINMENT
ADORWELD,Ador Welding Limited,,
ADROITINFO,,,
ADSL,Allied Digital Services Limited,,
ADVANIHOTR,Advani Hotels & Resorts (India) Limited,SERVICES,HOTELS
ADVENZYMES,Advanced Enzyme Technologies Limited,PHARMA,PHARMACEUTICALS
AEGISCHEM,Aegis Logistics Limited,ENERGY,TRANSPORT & LOGISTICS
AFL,,,
AGARIND,Agarwal Industrial Corporation Limited,,
AGCNET,AGC Networks Limited,,
AGLSL,Artemis Global Life Sciences Limited,,
AGRITECH,Agri-Tech (India) Limited,,
AGROPHOS,,,
AHLEAST,Asian Hotels (East) Limited,SERVICES,HOTELS
AHLUCONT,Ahluwalia Contracts (India) Limited,,
AHLWEST,Asian Hotels (West) Limited,SERVICES,HOTELS
AIAENG,AIA Engineering Limited,INDUSTRIAL MANUFACTURING,CASTINGS & FORGINGS
AICHAMP,AI Champdany Industries Limited,,
AIFL,Ashapura Intimates Fashion Limited,TEXTILES,TEXTILES - READYMADE APPARELS
AIRAN,,,
AIROLAM,,,
AISL,,,
AJANTPHARM,Ajanta Pharma Limited,PHARMA,PHARMACEUTICALS
AJMERA,Ajmera Realty & Infra India Limited,CONSTRUCTION,
AJOONI,,,
AKSHARCHEM,AksharChem India Limited,,
AKSHOPTFBR,Aksh Optifibre Limited,,
AKZOINDIA,Akzo Nobel India Limited,CONSUMER GOODS,PAINTS & VARNISHES
ALANKIT,Alankit Limited,,
ALBERTDAVD,Albert David Limited,,
ALBK,Allahabad Bank,FINANCIAL SERVICES,BANKS - PUBLIC SECTOR
ALCHEM,Alchemist Limited,CHEMICALS,CHEMICALS
ALEMBICLTD,Alembic Limited,,
ALICON,Alicon Castalloy Limited,,
ALKALI,Alkali Metals Limited,METALS,
ALKEM,Alkem Laboratories Limited,PHARMA,PHARMACEUTICALS
ALKYLAMINE,Alkyl Amines Chemicals Limited,CHEMICALS,CHEMICALS
ALLCARGO,Allcargo Logistics Limited,SERVICES,TRANSPORT & LOGISTICS
ALLSEC,Allsec Technologies Limited,IT,COMPUTERS - SOFTWARE
ALMONDZ,Almondz Global Securities Limited,,
ALOKTEXT,Alok Industries Limited,,
ALPA,Alpa Laboratories Limited,,
ALPHAGEO,Alphageo (India) Limited,,
ALPSINDUS,Alps Industries Limited,,
AMARAJABAT,Amara Raja Batteries Limited,AUTOMOBILE,AUTO ANCILLARIES
AMBANIORG,,,
AMBER,,,
AMBIKCO,Ambika Cotton Mills Limited,TEXTILES,TEXTILES - SPINNING - COTTON BLENDED
AMBUJACEM,Ambuja Cements Limited,CEMENT & CEMENT PRODUCTS,CEMENT - MAJOR
AMDIND,AMD Industries Limited,,
AMJLAND,,,
AMJUMBO,,,
AMRUTANJAN,Amrutanjan Health Care Limited,PHARMA,PHARMACEUTICALS
AMTEKAUTO,Amtek Auto Limited,AUTOMOBILE,AUTO ANCILLARIES
ANANTRAJ,Anant Raj Limited,,
ANDHRABANK,Andhra Bank,FINANCIAL SERVICES,BANKS - PUBLIC SECTOR
ANDHRACEMT,Andhra Cements Limited,,
ANDHRSUGAR,The Andhra Sugars Limited,CONSUMER GOODS,SUGAR
ANGIND,ANG Industries Limited,,
ANIKINDS,Anik Industries Limited,,
ANKITMETAL,,,
ANSALAPI,Ansal Properties & Infrastructure Limited,CONSTRUCTION,
ANSALHSG,Ansal Housing and Construction Limited,CONSTRUCTION,CONSTRUCTION & CONTRACTING - CIVIL
ANTGRAPHIC,Antarctica Limited,,
APARINDS,Apar Industries Limited,INDUSTRIAL MANUFACTURING,ELECTRIC EQUIPMENT
APCL,Anjani Portland Cement Limited,,
APCOTEXIND,Apcotex Industries Limited,,
APEX,Apex Frozen Foods Limited,CONSUMER GOODS,FOOD PROCESSING
APLAPOLLO,APL Apollo Tubes Limited,METALS,STEEL - TUBES & PIPES
APLLTD,Alembic Pharmaceuticals Limited,PHARMA,PHARMACEUTICALS
APOLLO,,,
APOLLOHOSP,Apollo Hospitals Enterprise Limited,HEALTHCARE SERVICES,HOSPITALS & MEDICAL SERVICES
APOLLOTYRE,Apollo Tyres Limited,AUTOMOBILE,TYRES
APOLSINHOT,Apollo Sindoori Hotels Limited,SERVICES,HOTELS
APTECHT,Aptech Limited,,
ARCHIDPLY,Archidply Industries Limited,,
ARCHIES,Archies Limited,,
ARCOTECH,Arcotech Limited,,
ARIES,Aries Agro Limited,,
ARIHANT,Arihant Foundations & Housing Limited,,
ARIHANTSUP,Arihant Superstructures Limited,,
ARMANFIN,Arman Financial Services Limited,,
AROGRANITE,Aro Granite Industries Limited,,
ARROWGREEN,Arrow Greentech Limited,,
ARROWTEX,Arrow Textiles Limited,TEXTILES,TEXTILES - READYMADE APPARELS
ARSHIYA,Arshiya Limited,,
ARSSINFRA,ARSS Infrastructure Projects Limited,CONSTRUCTION,
ARTNIRMAN,,,
ARVIND,Arvind Limited,TEXTILES,TEXTILES - DENIM
ARVSMART,Arvind SmartSpaces Limited,,
ASAHIINDIA,Asahi India Glass Limited,AUTOMOBILE,GLASS & GLASS PRODUCTS
ASAHISONG,Asahi Songwon Colors Limited,,
ASAL,Automotive Stampings and Assemblies Limited,AUTOMOBILE,AUTO ANCILLARIES
ASHAPURMIN,Ashapura Minechem Limited,,
ASHIANA,Ashiana Housing Limited,,
ASHIMASYN,Ashima Limited,,
ASHOKA,Ashoka Buildcon Limited,CONSTRUCTION,CONSTRUCTION & CONTRACTING - CIVIL
ASHOKLEY,Ashok Leyland Limited,AUTOMOBILE,AUTO - LCVS & HCVS
ASIANHOTNR,Asian Hotels (North) Limited,SERVICES,HOTELS
ASIANPAINT,Asian Paints Limited,CONSUMER GOODS,PAINTS & VARNISHES
ASIANTILES,Asian Granito India Limited,,
ASPINWALL,Aspinwall and Company Limited,,
ASSAMCO,Assam Company India Limited,,
ASTEC,Astec LifeSciences Limited,,
ASTERDM,Aster DM Healthcare Ltd.,HEALTHCARE SERVICES,DIVERSIFIED
ASTRAL,Astral Poly Technik Limited,INDUSTRIAL MANUFACTURING,PLASTICS
ASTRAMICRO,Astra Microwave Products Limited,TELECOM,TELECOMMUNICATIONS - EQUIPMENT
ASTRAZEN,AstraZeneca Pharma India Limited,PHARMA,PHARMACEUTICALS
ASTRON,,,
ATFL,Agro Tech Foods Limited,CONSUMER GOODS,FOOD PROCESSING
ATLANTA,Atlanta  Limited,,
ATLASCYCLE,Atlas Cycles (Haryana) Limited,,
ATUL,Atul Limited,CHEMICALS,DYES & PIGMENTS
ATULAUTO,Atul Auto Limited,AUTOMOBILE,AUTO - 2 & 3 WHEELERS
AUBANK,AU Small Finance Bank Limited,FINANCIAL SERVICES,BANKS - PRIVATE SECTOR
AURDIS,,,
AURIONPRO,Aurionpro Solutions Limited,,
AUROPHARMA,Aurobindo Pharma Limited,PHARMA,PHARMACEUTICALS
AUSOMENT,Ausom Enterprise Limited,,
AUTOAXLES,Automotive Axles Limited,AUTOMOBILE,AUTO ANCILLARIES
AUTOIND,Autoline Industries Limited,AUTOMOBILE,AUTO ANCILLARIES
AUTOLITIND,Autolite (India) Limited,AUTOMOBILE,AUTO ANCILLARIES
AVADHSUGAR,Avadh Sugar & Energy Limited,CONSUMER GOODS,SUGAR
AVANTIFEED,Avanti Feeds Limited,CONSUMER GOODS,AQUACULTURE
AVG,,,
AVTNPL,AVT Natural Products Limited,,
AXISBANK,Axis Bank Limited,FINANCIAL SERVICES,BANKS - PRIVATE SECTOR
AXISCADES,AXISCADES Engineering Technologies Limited,INDUSTRIAL MANUFACTURING,
AXISGOLD,,,
AXISNIFTY,,,
AYMSYNTEX,AYM Syntex Limited,,
BAFNAPHARM,Bafna Pharmaceuticals Limited,PHARMA,PHARMACEUTICALS
BAGFILMS,B.A.G Films and Media Limited,,
BAJAJ-AUTO,Bajaj Auto Limited,AUTOMOBILE,AUTO - 2 & 3 WHEELERS
BAJAJCORP,Bajaj Corp Limited,CONSUMER GOODS,PERSONAL CARE
BAJAJELEC,Bajaj Electricals Limited,CONSUMER GOODS,DOMESTIC APPLIANCES
BAJAJFINSV,Bajaj Finserv Limited,FINANCIAL SERVICES,FINANCE - INVESTMENTS
BAJAJHIND,Bajaj Hindusthan Sugar Limited,CONSUMER GOODS,SUGAR
BAJAJHLDNG,Bajaj Holdings & Investment Limited,FINANCIAL SERVICES,FINANCE - INVESTMENTS
BAJFINANCE,Bajaj Finance Limited,FINANCIAL SERVICES,FINANCE - LEASING & HIRE PURCHASE
BALAJITELE,Balaji Telefilms Limited,,
BALAMINES,Balaji Amines Limited,,
BALKRISHNA,Balkrishna Paper Mills Limited,,
BALKRISIND,Balkrishna Industries Limited,AUTOMOBILE,TYRES
BALLARPUR,Ballarpur Industries Limited,PAPER,PAPER
BALMLAWRIE,Balmer Lawrie & Company Limited,SERVICES,DIVERSIFIED
BALPHARMA,Bal Pharma Limited,PHARMA,PHARMACEUTICALS
BALRAMCHIN,Balrampur Chini Mills Limited,CONSUMER GOODS,SUGAR
BANARBEADS,Banaras Beads Limited,,
BANARISUG,Bannari Amman Sugars Limited,CONSUMER GOODS,SUGAR
BANCOINDIA,Banco Products (I) Limited,,
BANDHANBNK,,,
BANG,Bang Overseas Limited,,
BANKBARODA,Bank of Baroda,FINANCIAL SERVICES,BANKS - PUBLIC SECTOR
BANKBEES,,,
BANKINDIA,Bank of India,FINANCIAL SERVICES,BANKS - PUBLIC SECTOR
BANSAL,,,
BANSWRAS,Banswara Syntex Limited,,
BARTRONICS,Bartronics India Limited,,
BASF,BASF India Limited,CHEMICALS,CHEMICALS
BASML,Bannari Amman Spinning Mills Limited,,
BATAINDIA,Bata India Limited,CONSUMER GOODS,LEATHER PRODUCTS
BAYERCROP,Bayer Cropscience Limited,FERTILISERS & PESTICIDES,PESTICIDES & AGRO CHEMICALS
BBL,Bharat Bijlee Limited,,
BBTC,Bombay Burmah Trading Corporation Limited,CONSUMER GOODS,PLANTATIONS - TEA & COFFEE
BCONCEPTS,,,
BDL,,,
BEARDSELL,Beardsell Limited,,
BEDMUTHA,Bedmutha Industries Limited,,
BEL,Bharat Electronics Limited,INDUSTRIAL MANUFACTURING,ELECTRICALS
BEML,BEML Limited,INDUSTRIAL MANUFACTURING,INFRASTRUCTURE - GENERAL
BEPL,Bhansali Engineering Polymers Limited,INDUSTRIAL MANUFACTURING,
BERGEPAINT,Berger Paints (I) Limited,CONSUMER GOODS,PAINTS & VARNISHES
BFINVEST,BF Investment Limited,,
BFUTILITIE,BF Utilities Limited,CONSTRUCTION,POWER - GENERATION & DISTRIBUTION
BGLOBAL,Bharatiya Global Infomedia Limited,,
BGRENERGY,BGR Energy Systems Limited,CONSTRUCTION,
BHAGERIA,Bhageria Industries Limited,,
BHAGYANGR,Bhagyanagar India Limited,,
BHAGYAPROP,Bhagyanagar Properties Limited,,
BHANDARI,Bhandari Hosiery Exports Limited,,
BHARATFIN,Bharat Financial Inclusion Limited,FINANCIAL SERVICES,FINANCE - GENERAL
BHARATFORG,Bharat Forge Limited,INDUSTRIAL MANUFACTURING,CASTINGS & FORGINGS
BHARATGEAR,Bharat Gears Limited,,
BHARATIDIL,Bharati Defence and Infrastructure Limited,CONSTRUCTION,
BHARATRAS,Bharat Rasayan Limited,,
BHARATWIRE,Bharat Wire Ropes Limited,,
BHARTIARTL,Bharti Airtel Limited,TELECOM,TELECOMMUNICATIONS - SERVICE
BHEL,Bharat Heavy Electricals Limited,INDUSTRIAL MANUFACTURING,INFRASTRUCTURE - GENERAL
BHUSANSTL,Bhushan Steel Limited,METALS,
BIGBLOC,Bigbloc Construction Limited,CONSTRUCTION,CONSTRUCTION & CONTRACTING - CIVIL
BIL,Bhartiya International Limited,,
BILENERGY,Bil Energy Systems Limited,,
BILPOWER,Bilpower  Limited,,
BINANIIND,Binani Industries Limited,,
BINDALAGRO,Oswal Chemicals & Fertilizers Limited,FERTILISERS & PESTICIDES,FERTILISERS
BIOCON,Biocon Limited,PHARMA,PHARMACEUTICALS
BIOFILCHEM,Biofil Chemicals & Pharmaceuticals Limited,PHARMA,PHARMACEUTICALS
BIRLACABLE,Birla Cable Limited,,
BIRLACORPN,Birla Corporation Limited,CEMENT & CEMENT PRODUCTS,CEMENT - MAJOR
BIRLAMONEY,Aditya Birla Money Limited,,
BKMINDST,,,
BLBLIMITED,BLB Limited,,
BLISSGVS,Bliss GVS Pharma Limited,PHARMA,PHARMACEUTICALS
BLKASHYAP,B. L. Kashyap and Sons Limited,,
BLS,BLS International Services Limited,,
BLUEBLENDS,Blue Blends (I) Limited,,
BLUECOAST,Blue Coast Hotels Limited,SERVICES,HOTELS
BLUEDART,Blue Dart Express Limited,SERVICES,COURIERS
BLUESTARCO,Blue Star Limited,CONSUMER GOODS,CONSUMER GOODS - WHITE GOODS
BODALCHEM,Bodal Chemicals Limited,CHEMICALS,CHEMICALS
BOHRA,,,
BOMDYEING,Bombay Dyeing & Mfg Company Limited,TEXTILES,TEXTILES - PROCESSING
BOROSIL,,,
BOSCHLTD,Bosch Limited,AUTOMOBILE,AUTO ANCILLARIES
BPCL,Bharat Petroleum Corporation Limited,ENERGY,REFINERIES
BPL,BPL Limited,,
BRFL,Bombay Rayon Fashions Limited,TEXTILES,TEXTILES - SYNTHETIC & SILK
BRIGADE,Brigade Enterprises Limited,CONSTRUCTION,
BRIGHT,,,
BRITANNIA,Britannia Industries Limited,CONSUMER GOODS,FOOD PROCESSING
BRNL,Bharat Road Network Limited,,
BROOKS,Brooks Laboratories Limited,,
BSE,BSE Limited,FINANCIAL SERVICES,
BSELINFRA,BSEL Infrastructure Realty Limited,CONSTRUCTION,
BSHSL,,,
BSL,BSL Limited,,
BSLGOLDETF,,,
BURNPUR,Burnpur Cement Limited,,
BUTTERFLY,Butterfly Gandhimathi Appliances Limited,,
BVCL,Barak Valley Cements Limited,,
BYKE,The Byke Hospitality Ltd,,
CADILAHC,Cadila Healthcare Limited,PHARMA,PHARMACEUTICALS
CALSOFT,California Software Company Limited,IT,
CAMLINFINE,Camlin Fine Sciences Limited,,
CANBK,Canara Bank,FINANCIAL SERVICES,BANKS - PUBLIC SECTOR
CANDC,C & C Constructions Limited,CONSTRUCTION,CONSTRUCTION & CONTRACTING - CIVIL
CANFINHOME,Can Fin Homes Limited,FINANCIAL SERVICES,FINANCE - HOUSING
CANTABIL,Cantabil Retail India Limited,CONSUMER GOODS,RETAIL
CAPACITE,Capacit'e Infraprojects Limited,CONSTRUCTION,
CAPF,Capital First Limited,FINANCIAL SERVICES,FINANCE - GENERAL
CAPLIPOINT,Caplin Point Laboratories Limited,PHARMA,PHARMACEUTICALS
CAPTRUST,Capital Trust Limited,,
CARBORUNIV,Carborundum Universal Limited,INDUSTRIAL MANUFACTURING,ABRASIVES
CAREERP,Career Point Limited,,
CARERATING,CARE Ratings Limited,FINANCIAL SERVICES,MISCELLANEOUS
CASTEXTECH,Castex Technologies Limited,AUTOMOBILE,AUTO ANCILLARIES
CASTROLIND,Castrol India Limited,ENERGY,LUBRICANTS
CCCL,Consolidated Construction Consortium Limited,CONSTRUCTION,CONSTRUCTION & CONTRACTING - CIVIL
CCHHL,Country Club Hospitality & Holidays Limited,,
CCL,CCL Products (India) Limited,CONSUMER GOODS,PLANTATIONS - TEA & COFFEE
CDSL,Central Depository Services (India) Limited,FINANCIAL SERVICES,
CEATLTD,CEAT Limited,AUTOMOBILE,TYRES
CEBBCO,Commercial Engineers & Body Builders Co Limited,INDUSTRIAL MANUFACTURING,
CELEBRITY,Celebrity Fashions Limited,TEXTILES,TEXTILES - READYMADE APPARELS
CELESTIAL,Celestial Biolabs Limited,,
CENTENKA,Century Enka Limited,,
CENTEXT,Century Extrusions Limited,,
CENTRALBK,Central Bank of India,FINANCIAL SERVICES,BANKS - PUBLIC SECTOR
CENTRUM,,,
CENTUM,Centum Electronics Limited,,
CENTURYPLY,Century Plyboards (India) Limited,CONSUMER GOODS,MISCELLANEOUS
CENTURYTEX,Century Textiles & Industries Limited,CEMENT & CEMENT PRODUCTS,DIVERSIFIED
CERA,Cera Sanitaryware Limited,CONSTRUCTION,CERAMICS & GRANITE
CEREBRAINT,Cerebra Integrated Technologies Limited,IT,COMPUTERS - HARDWARE
CES1RPG,,,
CESC,CESC Limited,ENERGY,POWER - GENERATION & DISTRIBUTION
CGCL,Capri Global Capital Limited,,
CGPOWER,CG Power and Industrial Solutions Limited,INDUSTRIAL MANUFACTURING,ELECTRIC EQUIPMENT
CHAMBLFERT,Chambal Fertilizers & Chemicals Limited,FERTILISERS & PESTICIDES,FERTILISERS
CHEMFAB,,,
CHENNPETRO,Chennai Petroleum Corporation Limited,ENERGY,REFINERIES
CHOLAFIN,Cholamandalam Investment and Finance Company Limited,FINANCIAL SERVICES,FINANCE - LEASING & HIRE PURCHASE
CHROMATIC,Chromatic India Limited,,
CIGNITITEC,Cigniti Technologies Limited,IT,COMPUTERS - SOFTWARE
CIMMCO,Cimmco Limited,,
CINELINE,Cineline India Limited,,
CINEVISTA,Cinevista Limited,,
CIPLA,Cipla Limited,PHARMA,PHARMACEUTICALS
CLEDUCATE,CL Educate Limited,,
CLNINDIA,Clariant Chemicals (India) Limited,CHEMICALS,CHEMICALS
CMICABLES,CMI Limited,,
CMMIPL,,,
CNOVAPETRO,CIL Nova Petrochemicals Limited,CHEMICALS,CHEMICALS
COALINDIA,Coal India Limited,METALS,MINING & MINERALS
COCHINSHIP,Cochin Shipyard Limited,INDUSTRIAL MANUFACTURING,SHIPPING
COFFEEDAY,Coffee Day Enterprises Limited,CONSUMER GOODS,FOOD PROCESSING
COLPAL,Colgate Palmolive (India) Limited,CONSUMER GOODS,PERSONAL CARE
COMPINFO,Compuage Infocom Limited,IT,COMPUTERS - SOFTWARE
COMPUSOFT,Compucom Software Limited,IT,
CONCOR,Container Corporation of India Limited,SERVICES,TRANSPORT & LOGISTICS
CONSOFINVT,Consolidated Finvest & Holdings Limited,,
CONTROLPR,Control Print Limited,,
CORALFINAC,Coral India Finance & Housing Limited,FINANCIAL SERVICES,FINANCE - HOUSING
CORDSCABLE,Cords Cable Industries Limited,,
COROMANDEL,Coromandel International Limited,FERTILISERS & PESTICIDES,FERTILISERS
CORPBANK,Corporation Bank,FINANCIAL SERVICES,BANKS - PUBLIC SECTOR
COSMOFILMS,Cosmo Films Limited,,
COUNCODOS,Country Condo's Limited,,
COX&KINGS,Cox & Kings Limited,,
CPSEETF,,,
CREST,Crest Ventures Limited,,
CRISIL,CRISIL Limited,FINANCIAL SERVICES,MISCELLANEOUS
CRMFGETF,,,
CROMPTON,Crompton Greaves Consumer Electricals Limited,CONSUMER GOODS,ELECTRICALS
CTE,Cambridge Technology Enterprises Limited,IT,COMPUTERS - SOFTWARE
CUB,City Union Bank Limited,FINANCIAL SERVICES,BANKS - PRIVATE SECTOR
CUBEXTUB,Cubex Tubings Limited,,
CUMMINSIND,Cummins India Limited,INDUSTRIAL MANUFACTURING,ENGINES
CUPID,Cupid Limited,,
CYBERMEDIA,Cyber Media (India) Limited,,
CYBERTECH,Cybertech Systems And Software Limited,IT,
CYIENT,Cyient Limited,IT,COMPUTERS - SOFTWARE
DAAWAT,LT Foods Limited,CONSUMER GOODS,FOOD PROCESSING
DABUR,Dabur India Limited,CONSUMER GOODS,PERSONAL CARE
DALMIABHA,Dalmia Bharat Limited,CEMENT & CEMENT PRODUCTS,CEMENT - MAJOR
DALMIASUG,Dalmia Bharat Sugar and Industries Limited,CONSUMER GOODS,SUGAR
DAMODARIND,Damodar Industries Limited,,
DATAMATICS,Datamatics Global Services Limited,,
DBCORP,D.B.Corp Limited,MEDIA & ENTERTAINMENT,MEDIA & ENTERTAINMENT
DBL,Dilip Buildcon Limited,CONSTRUCTION,CONSTRUCTION & CONTRACTING - CIVIL
DBREALTY,D B Realty Limited,CONSTRUCTION,
DCAL,Dishman Carbogen Amcis Limited,PHARMA,
DCBBANK,DCB Bank Limited,FINANCIAL SERVICES,BANKS - PRIVATE SECTOR
DCM,DCM  Limited,,
DCMSHRIRAM,DCM Shriram Limited,CONSUMER GOODS,DIVERSIFIED
DCW,DCW Limited,,
DECCANCE,Deccan Cements Limited,,
DEEPAKFERT,Deepak Fertilizers and Petrochemicals Corporation Limited,CHEMICALS,FERTILISERS
DEEPAKNTR,Deepak Nitrite Limited,,
DEEPIND,Deep Industries Limited,,
DELTACORP,Delta Corp Limited,SERVICES,CONSTRUCTION & CONTRACTING - REAL ESTATE
DELTAMAGNT,Delta Magnets Limited,,
DEN,Den Networks Limited,MEDIA & ENTERTAINMENT,MEDIA & ENTERTAINMENT
DENABANK,Dena Bank,FINANCIAL SERVICES,BANKS - PUBLIC SECTOR
DENORA,De Nora India Limited,,
DFMFOODS,DFM Foods Limited,CONSUMER GOODS,FOOD PROCESSING
DHAMPURSUG,Dhampur Sugar Mills Limited,CONSUMER GOODS,SUGAR
DHANBANK,Dhanlaxmi Bank Limited,FINANCIAL SERVICES,BANKS - PUBLIC SECTOR
DHANUKA,Dhanuka Agritech Limited,FERTILISERS & PESTICIDES,PESTICIDES & AGRO CHEMICALS
DHARSUGAR,Dharani Sugars & Chemicals Limited,CONSUMER GOODS,SUGAR
DHFL,Dewan Housing Finance Corporation Limited,FINANCIAL SERVICES,FINANCE - HOUSING
DHUNINV,Dhunseri Investments Limited,,
DIAMONDYD,,,
DIAPOWER,Diamond Power Infra Ltd,ENERGY,
DICIND,DIC India Limited,,
DIGJAMLTD,Digjam Limited,,
DISHTV,Dish TV India Limited,MEDIA & ENTERTAINMENT,MEDIA & ENTERTAINMENT
DIVISLAB,Divi's Laboratories Limited,PHARMA,PHARMACEUTICALS
DIXON,Dixon Technologies (India) Limited,CONSUMER GOODS,
DLF,DLF Limited,CONSTRUCTION,CONSTRUCTION & CONTRACTING - REAL ESTATE
DLINKINDIA,D-Link (India) Limited,,
DMART,Avenue Supermarts Limited,CONSUMER GOODS,RETAIL
DNAMEDIA,,,
DOLLAR,Dollar Industries Limited,,
DOLPHINOFF,Dolphin Offshore Enterprises (India) Limited,,
DONEAR,Donear Industries Limited,,
DPABHUSHAN,,,
DPL,Dhunseri Petrochem Limited,,
DPSCLTD,DPSC Limited,,
DQE,DQ Entertainment (International) Limited,MEDIA & ENTERTAINMENT,MEDIA & ENTERTAINMENT
DREDGECORP,Dredging Corporation of India Limited,SERVICES,
DRL,,,
DRREDDY,Dr. Reddy's Laboratories Limited,PHARMA,PHARMACEUTICALS
DSSL,Dynacons Systems & Solutions Limited,,
DTIL,Dhunseri Tea & Industries Limited,,
DUCON,Ducon Infratechnologies Limited,IT,COMPUTERS - SOFTWARE
DWARKESH,Dwarikesh Sugar Industries Limited,CONSUMER GOODS,SUGAR
DYNAMATECH,Dynamatic Technologies Limited,,PUMP
DYNPRO,Dynemic Products Limited,,
E2E,,,
EASTSILK,Eastern Silk Industries Limited,,
EASUNREYRL,Easun Reyrolle Limited,,
ECEIND,ECE Industries Limited,,
ECLERX,eClerx Services Limited,IT,COMPUTERS - SOFTWARE MEDIUM & SMALL
ECLFINANCE,,,
EDELWEISS,Edelweiss Financial Services Limited,FINANCIAL SERVICES,FINANCE - GENERAL
EDL,Empee Distilleries Limited,,
EDUCOMP,Educomp Solutions Limited,,
EHFLNCD,,,
EICHERMOT,Eicher Motors Limited,AUTOMOBILE,AUTO - LCVS & HCVS
EIDPARRY,EID Parry India Limited,FERTILISERS & PESTICIDES,SUGAR
EIFFL,,,
EIHAHOTELS,EIH Associated Hotels Limited,SERVICES,HOTELS
EIHOTEL,EIH Limited,SERVICES,HOTELS
EIMCOELECO,Eimco Elecon (India) Limited,,
EKC,Everest Kanto Cylinder Limited,,
ELAND,E-Land Apparel Limited,TEXTILES,TEXTILES - READYMADE APPARELS
ELECON,Elecon Engineering Company Limited,INDUSTRIAL MANUFACTURING,
ELECTCAST,Electrosteel Castings Limited,METALS,
ELECTHERM,Electrotherm (India) Limited,,
ELECTROSL,,,
ELGIEQUIP,Elgi Equipments Limited,INDUSTRIAL MANUFACTURING,COMPRESSORS
ELGIRUBCO,Elgi Rubber Company Limited,,
EMAMIINFRA,Emami Infrastructure Limited,CONSTRUCTION,
EMAMILTD,Emami Limited,CONSUMER GOODS,PERSONAL CARE
EMCO,Emco Limited,,
EMKAY,Emkay Global Financial Services Limited,,
EMMBI,Emmbi Industries Limited,,
EMOFSR1RDP,,,
EMOFSR1RGG,,,
ENDURANCE,Endurance Technologies Limited,AUTOMOBILE,AUTO - 2 & 3 WHEELERS
ENERGYDEV,Energy Development Company Limited,,
ENGINERSIN,Engineers India Limited,CONSTRUCTION,INFRASTRUCTURE - GENERAL
ENIL,Entertainment Network (India) Limited,MEDIA & ENTERTAINMENT,MEDIA & ENTERTAINMENT
EON,Eon Electric Limited,,
EQ30,,,
EQUITAS,Equitas Holdings Limited,FINANCIAL SERVICES,FINANCE - GENERAL
ERFLNCDI,,,
ERIS,Eris Lifesciences Limited,PHARMA,
EROSMEDIA,Eros International Media Limited,MEDIA & ENTERTAINMENT,MEDIA & ENTERTAINMENT
ESABINDIA,Esab India Limited,,
ESCORTS,Escorts Limited,AUTOMOBILE,AUTO - TRACTORS
ESSARSHPNG,Essar Shipping Limited,SERVICES,SHIPPING
ESSDEE,Ess Dee Aluminium Limited,,
ESSELPACK,Essel Propack Limited,INDUSTRIAL MANUFACTURING,PACKAGING
ESTER,Ester Industries Limited,,
EUROCERA,Euro Ceramics Limited,,
EUROTEXIND,Eurotex Industries and Exports Limited,,
EVEREADY,Eveready Industries India Limited,CONSUMER GOODS,DRY CELLS
EVERESTIND,Everest Industries Limited,,
EXCEL,Excel Realty N Infra Limited,CONSTRUCTION,
EXCELCROP,Excel Crop Care Limited,,
EXCELINDUS,Excel Industries Limited,,
EXIDEIND,Exide Industries Limited,AUTOMOBILE,AUTO ANCILLARIES
FACT,Fertilizers and Chemicals Travancore Limited,FERTILISERS & PESTICIDES,FERTILISERS
FAIRCHEM,Fairchem Speciality Limited,,
FCL,Fineotex Chemical Limited,CHEMICALS,CHEMICALS
FCONSUMER,Future Consumer Limited,CONSUMER GOODS,FOOD PROCESSING
FCSSOFT,,,
FDC,FDC Limited,PHARMA,PHARMACEUTICALS
FEDDERELEC,Fedders Electric and Engineering Limited,INDUSTRIAL MANUFACTURING,
FEDERALBNK,The Federal Bank  Limited,FINANCIAL SERVICES,BANKS - PRIVATE SECTOR
FEL,Future Enterprises Limited,,
FELDVR,Future Enterprises Limited,,
FIEMIND,Fiem Industries Limited,,
FILATEX,Filatex India Limited,,
FINCABLES,Finolex Cables Limited,INDUSTRIAL MANUFACTURING,CABLES - TELEPHONE
FINEORG,,,
FINPIPE,Finolex Industries Limited,INDUSTRIAL MANUFACTURING,PETROCHEMICALS
FIVECORE,,,
FLEXITUFF,Flexituff International Limited,,
FLFL,Future Lifestyle Fashions Limited,CONSUMER GOODS,RETAIL
FMGOETZE,Federal-Mogul Goetze (India) Limited.,,
FMNL,Future Market Networks Limited,,
FORTIS,Fortis Healthcare Limited,HEALTHCARE SERVICES,HOSPITALS & MEDICAL SERVICES
FORTUNEFIN,Fortune Financial Services (India) Limited,,
FOSECOIND,Foseco India Limited,,
FOURTHDIM,,,
FRETAIL,Future Retail Limited,CONSUMER GOODS,RETAIL
FSC,,,
FSL,Firstsource Solutions Limited,IT,COMPUTERS - SOFTWARE MEDIUM & SMALL
GABRIEL,Gabriel India Limited,,
GAEL,Gujarat Ambuja Exports Limited,,
GAIL,GAIL (India) Limited,ENERGY,OIL DRILLING AND EXPLORATION
GAL,Gyscoal Alloys Limited,,
GALAXYSURF,,,
GALLANTT,,,
GALLISPAT,,,
GAMMNINFRA,Gammon Infrastructure Projects Limited,CONSTRUCTION,
GANDHITUBE,Gandhi Special Tubes Limited,,
GANECOS,Ganesha Ecosphere Limited,,
GANESHHOUC,Ganesh Housing Corporation Limited,,
GANGAFORGE,,,
GANGESSECU,Ganges Securities Limited,,
GANGOTRI,Gangotri Textiles Limited,TEXTILES,TEXTILES - SPINNING - COTTON BLENDED
GARDENSILK,Garden Silk Mills Limited,,
GARWALLROP,Garware  Wall Ropes Limited,,
GATI,GATI Limited,SERVICES,COURIERS
GAYAHWS,,,
GAYAPROJ,Gayatri Projects Limited,CONSTRUCTION,CONSTRUCTION & CONTRACTING - CIVIL
GDL,Gateway Distriparks Limited,SERVICES,MISCELLANEOUS
GEECEE,GeeCee Ventures Limited,,
GEMINI,Gemini Communication Limited,,
GENESYS,Genesys International Corporation Limited,,
GENUSPAPER,Genus Paper & Boards Limited,,
GENUSPOWER,Genus Power Infrastructures Limited,INDUSTRIAL MANUFACTURING,ELECTRIC EQUIPMENT
GEOJITFSL,Geojit Financial Services Limited,,
GEPIL,GE Power India Limited,INDUSTRIAL MANUFACTURING,POWER - TRANSMISSION & EQUIPMENT
GESHIP,The Great Eastern Shipping Company Limited,SERVICES,SHIPPING
GET&D,GE T&D India Limited,INDUSTRIAL MANUFACTURING,
GHCL,GHCL Limited,CHEMICALS,CHEMICALS
GICHSGFIN,GIC Housing Finance Limited,FINANCIAL SERVICES,FINANCE - HOUSING
GICRE,General Insurance Corporation of India,FINANCIAL SERVICES,FINANCE - GENERAL
GILLANDERS,Gillanders Arbuthnot & Company Limited,,
GILLETTE,Gillette India Limited,CONSUMER GOODS,PERSONAL CARE
GINNIFILA,Ginni Filaments Limited,,
GIPCL,Gujarat Industries Power Company Limited,,
GIRIRAJ,,,
GIRRESORTS,,,
GITANJALI,Gitanjali Gems Limited,,
GKWLIMITED,GKW Limited,,
GLAXO,GlaxoSmithKline Pharmaceuticals Limited,PHARMA,PHARMACEUTICALS
GLENMARK,Glenmark Pharmaceuticals Limited,PHARMA,PHARMACEUTICALS
GLOBALVECT,Global Vectra Helicorp Limited,,
GLOBOFFS,Global Offshore Services Limited,,
GLOBUSSPR,Globus Spirits Limited,,
GMBREW,GM Breweries Limited,,
GMDCLTD,Gujarat Mineral Development Corporation Limited,METALS,MINING & MINERALS
GMMPFAUDLR,,,
GMRINFRA,GMR Infrastructure Limited,CONSTRUCTION,INFRASTRUCTURE - GENERAL
GNA,GNA Axles Limited,,
GNFC,Gujarat Narmada Valley Fertilizers and Chemicals Limited,CHEMICALS,FERTILISERS
GOACARBON,Goa Carbon Limited,,
GOCLCORP,GOCL Corporation Limited,,
GODFRYPHLP,Godfrey Phillips India Limited,CONSUMER GOODS,CIGARETTES
GODREJAGRO,Godrej Agrovet Ltd.,CONSUMER GOODS,
GODREJCP,Godrej Consumer Products Limited,CONSUMER GOODS,PERSONAL CARE
GODREJIND,Godrej Industries Limited,CONSUMER GOODS,PERSONAL CARE
GODREJPROP,Godrej Properties Limited,CONSTRUCTION,CONSTRUCTION & CONTRACTING - REAL ESTATE
GOENKA,Goenka Diamond and Jewels Limited,,
GOKEX,Gokaldas Exports Limited,,
GOKUL,Gokul Refoils and Solvent Limited,,
GOKULAGRO,Gokul Agro Resources Limited,,
GOLDBEES,,,
GOLDENTOBC,,,
GOLDIAM,Goldiam International Limited,,
GOLDINFRA,Goldstone Infratech Limited,CONSTRUCTION,
GOLDSHARE,,,
GOLDTECH,Goldstone Technologies Limited,IT,COMPUTERS - SOFTWARE
GOODLUCK,Goodluck India Limited,,
GPIL,Godawari Power And Ispat limited,,
GPPL,Gujarat Pipavav Port Limited,SERVICES,SHIPPING
GPTINFRA,GPT Infraprojects Limited,CONSTRUCTION,CONSTRUCTION & CONTRACTING - REAL ESTATE
GRANULES,Granules India Limited,PHARMA,PHARMACEUTICALS
GRAPHITE,Graphite India Limited,INDUSTRIAL MANUFACTURING,
GRASIM,Grasim Industries Limited,CEMENT & CEMENT PRODUCTS,DIVERSIFIED
GRAVITA,Gravita India Limited,,
GREAVESCOT,Greaves Cotton Limited,INDUSTRIAL MANUFACTURING,ENGINES
GREENLAM,Greenlam Industries Limited,,
GREENPLY,Greenply Industries Limited,CONSUMER GOODS,MISCELLANEOUS
GREENPOWER,Orient Green Power Company Limited,,
GRINDWELL,Grindwell Norton Limited,INDUSTRIAL MANUFACTURING,ABRASIVES
GROBTEA,The Grob Tea Company Limited,,
GRPLTD,GRP Limited,,
GRUH,Gruh Finance Limited,FINANCIAL SERVICES,FINANCE - HOUSING
GSCLCEMENT,Gujarat Sidhee Cement Limited,,
GSFC,Gujarat State Fertilizers & Chemicals Limited,FERTILISERS & PESTICIDES,FERTILISERS
GSKCONS,GlaxoSmithKline Consumer Healthcare Limited,CONSUMER GOODS,FOOD PROCESSING
GSPL,Gujarat State Petronet Limited,ENERGY,OIL DRILLING AND EXPLORATION
GSS,GSS Infotech Limited,IT,COMPUTERS - SOFTWARE
GTL,GTL Limited,,
GTLINFRA,GTL Infrastructure Limited,CONSTRUCTION,
GTNIND,GTN Industries Limited,,
GTNTEX,GTN Textiles Limited,TEXTILES,TEXTILES - GENERAL
GTPL,GTPL Hathway Limited,,
GUFICBIO,Gufic Biosciences Limited,,
GUJALKALI,Gujarat Alkalies and Chemicals Limited,CHEMICALS,CHEMICALS
GUJAPOLLO,Gujarat Apollo Industries Limited,,
GUJFLUORO,Gujarat Fluorochemicals Limited,INDUSTRIAL MANUFACTURING,CHEMICALS
GUJGASLTD,Gujarat Gas Limited,ENERGY,OIL DRILLING AND EXPLORATION
GULFOILLUB,Gulf Oil Lubricants India Limited,ENERGY,LUBRICANTS
GULFPETRO,GP Petroleums Limited,,
GULPOLY,Gulshan Polyols Limited,,
GVKPIL,GVK Power & Infrastructure Limited,CONSTRUCTION,
H1190M36RG,,,
HAL,,,
HANUNG,Hanung Toys and Textiles Limited,TEXTILES,TEXTILES - GENERAL
HARITASEAT,Harita Seating Systems Limited,,
HARRMALAYA,Harrisons  Malayalam Limited,,
HATHWAY,Hathway Cable & Datacom Limited,MEDIA & ENTERTAINMENT,MEDIA & ENTERTAINMENT
HATSUN,Hatsun Agro Product Limited,CONSUMER GOODS,FOOD PROCESSING
HAVELLS,Havells India Limited,CONSUMER GOODS,ELECTRIC EQUIPMENT
HAVISHA,,,
HBLPOWER,HBL Power Systems Limited,,
HCC,Hindustan Construction Company Limited,CONSTRUCTION,CONSTRUCTION & CONTRACTING - CIVIL
HCG,Healthcare Global Enterprises Limited,HEALTHCARE SERVICES,HOSPITALS & MEDICAL SERVICES
HCL-INSYS,HCL Infosystems Limited,IT,COMPUTERS - HARDWARE
HCLTECH,HCL Technologies Limited,IT,COMPUTERS - SOFTWARE
HDFC,Housing Development Finance Corporation Limited,FINANCIAL SERVICES,FINANCE - HOUSING
HDFCBANK,HDFC Bank Limited,FINANCIAL SERVICES,BANKS - PRIVATE SECTOR
HDFCLIFE,,,
HDFCMFGETF,,,
HDFCNIFETF,,,
HDFCSENETF,,,
HDIL,Housing Development and Infrastructure Limited,CONSTRUCTION,CONSTRUCTION & CONTRACTING - REAL ESTATE
HEG,HEG Limited,INDUSTRIAL MANUFACTURING,
HEIDELBERG,HeidelbergCement India Limited,CEMENT & CEMENT PRODUCTS,CEMENT - MAJOR
HERCULES,Hercules Hoists Limited,,
HERITGFOOD,Heritage Foods Limited,CONSUMER GOODS,FOOD PROCESSING
HEROMOTOCO,Hero MotoCorp Limited,AUTOMOBILE,AUTO - 2 & 3 WHEELERS
HESTERBIO,Hester Biosciences Limited,,
HEXATRADEX,Hexa Tradex Limited,,
HEXAWARE,Hexaware Technologies Limited,IT,COMPUTERS - SOFTWARE
HFCL,Himachal Futuristic Communications Limited,TELECOM,TELECOMMUNICATIONS - EQUIPMENT
HGINFRA,,,
HGS,Hinduja Global Solutions Limited,,
HHOF1140RG,,,
HIGHGROUND,High Ground Enterprise Limited,,
HIKAL,Hikal Limited,,
HIL,HIL Limited,,
HILTON,Hilton Metal Forging Limited,METALS,
HIMATSEIDE,Himatsingka Seide Limited,TEXTILES,TEXTILES - SYNTHETIC & SILK
HINDALCO,Hindalco Industries Limited,METALS,ALUMINIUM
HINDCOMPOS,Hindustan Composites Limited,,
HINDCOPPER,Hindustan Copper Limited,METALS,METALS - NON FERROUS
HINDMOTORS,Hindustan Motors Limited,,
HINDNATGLS,Hindusthan National Glass & Industries Limited,,
HINDOILEXP,Hindustan Oil Exploration Company Limited,,
HINDPETRO,Hindustan Petroleum Corporation Limited,ENERGY,REFINERIES
HINDUJAVEN,Hinduja Ventures Limited,,
HINDUNILVR,Hindustan Unilever Limited,CONSUMER GOODS,PERSONAL CARE
HINDZINC,Hindustan Zinc Limited,METALS,METALS - NON FERROUS
HIRECT,Hind Rectifiers Limited,,
HISARMETAL,Hisar Metal Industries Limited,METALS,
HITECH,,,
HITECHCORP,Hitech Corporation Limited,,
HITECHGEAR,The Hi-Tech Gears Limited,,
HMT,HMT Limited,,
HMVL,Hindustan Media Ventures Limited,,
HNGSNGBEES,,,
HONAUT,Honeywell Automation India Limited,INDUSTRIAL MANUFACTURING,TELECOMMUNICATIONS - EQUIPMENT
HONDAPOWER,Honda Siel Power Products Limited,,
HOTELEELA,Hotel Leela Venture Limited,SERVICES,HOTELS
HOVS,HOV Services Limited,,
HPL,HPL Electric & Power Limited,,
HSCL,Himadri Speciality Chemical Limited,CHEMICALS,
HSIL,HSIL Limited,CONSUMER GOODS,CERAMICS & GRANITE
HTMEDIA,HT Media Limited,,
HUBTOWN,Hubtown Limited,,
HUDCO,Housing & Urban Development Corporation Limited,FINANCIAL SERVICES,FINANCE - HOUSING
IBREALEST,Indiabulls Real Estate Limited,CONSTRUCTION,CONSTRUCTION & CONTRACTING - REAL ESTATE
IBULHSGFIN,Indiabulls Housing Finance Limited,FINANCIAL SERVICES,FINANCE - HOUSING
IBULISL,,,
IBVENTURES,Indiabulls Ventures Limited,FINANCIAL SERVICES,FINANCE - INVESTMENTS
ICEMAKE,,,
ICICI500,,,
ICICIB22,,,
ICICIBANK,ICICI Bank Limited,FINANCIAL SERVICES,BANKS - PRIVATE SECTOR
ICICIGI,ICICI Lombard General Insurance Company Limited,FINANCIAL SERVICES,FINANCE - GENERAL
ICICIGOLD,,,
ICICILOVOL,,,
ICICIMCAP,,,
ICICINF100,,,
ICICINIFTY,,,
ICICINV20,,,
ICICIPRULI,ICICI Prudential Life Insurance Company Limited,FINANCIAL SERVICES,FINANCE - GENERAL
ICICISENSX,,,
ICIL,Indo Count Industries Limited,TEXTILES,TEXTILES - SPINNING - COTTON BLENDED
ICRA,ICRA Limited,FINANCIAL SERVICES,MISCELLANEOUS
ICSA,ICSA (India) Limited,,
IDBI,IDBI Bank Limited,FINANCIAL SERVICES,BANKS - PUBLIC SECTOR
IDBIGOLD,,,
IDEA,Idea Cellular Limited,TELECOM,TELECOMMUNICATIONS - SERVICE
IDFC,IDFC Limited,FINANCIAL SERVICES,FINANCE - TERM LENDING INSTITUTIONS
IDFCBANK,IDFC Bank Limited,FINANCIAL SERVICES,BANKS - PRIVATE SECTOR
IDFNIFTYET,,,
IEX,Indian Energy Exchange Ltd.,FINANCIAL SERVICES,
IFBAGRO,IFB Agro Industries Limited,,
IFBIND,IFB Industries Limited,CONSUMER GOODS,
IFCI,IFCI Limited,FINANCIAL SERVICES,FINANCE - TERM LENDING INSTITUTIONS
IFGLEXPOR,,,
IGARASHI,Igarashi Motors India Limited,,
IGL,Indraprastha Gas Limited,ENERGY,OIL DRILLING AND EXPLORATION
IGPL,IG Petrochemicals Limited,CHEMICALS,CHEMICALS
IIFCL,,,
IIFL,IIFL Holdings Limited,FINANCIAL SERVICES,FINANCE - GENERAL
IIFLFIN,,,
IIHFL,,,
IL&FSENGG,IL&FS Engineering and Construction Company Limited,CONSTRUCTION,CONSTRUCTION & CONTRACTING - CIVIL
IL&FSTRANS,IL&FS Transportation Networks Limited,CONSTRUCTION,
IMFA,Indian Metals & Ferro Alloys Limited,METALS,
IMPAL,India Motor Parts and Accessories Limited,,
IMPEXFERRO,,,
INDBANK,Indbank Merchant Banking Services Limited,FINANCIAL SERVICES,BANKS - PRIVATE SECTOR
INDHOTEL,The Indian Hotels Company Limited,SERVICES,HOTELS
INDIACEM,The India Cements Limited,CEMENT & CEMENT PRODUCTS,CEMENT - MAJOR
INDIAGLYCO,India Glycols Limited,,
INDIANB,Indian Bank,FINANCIAL SERVICES,BANKS - PUBLIC SECTOR
INDIANCARD,Indian Card Clothing Company Limited,INDUSTRIAL MANUFACTURING,TEXTILES - MACHINERY
INDIANHUME,Indian Hume Pipe Company Limited,,
INDIGO,InterGlobe Aviation Limited,SERVICES,TRANSPORT & LOGISTICS
INDIGRID,,,
INDLMETER,IMP Powers Limited,,
INDNIPPON,India Nippon Electricals Limited,,
INDOCO,Indoco Remedies Limited,PHARMA,PHARMACEUTICALS
INDORAMA,Indo Rama Synthetics (India) Limited,,
INDOSOLAR,Indosolar Limited,,
INDOSTAR,,,
INDOTECH,Indo Tech Transformers Limited,,
INDOTHAI,Indo Thai Securities Limited,,
INDOWIND,Indowind Energy Limited,,
INDRAMEDCO,Indraprastha Medical Corporation Limited,,
INDSWFTLAB,Ind-Swift Laboratories Limited,,
INDSWFTLTD,Ind-Swift Limited,,
INDTERRAIN,Indian Terrain Fashions Limited,TEXTILES,TEXTILES - READYMADE APPARELS
INDUSINDBK,IndusInd Bank Limited,FINANCIAL SERVICES,BANKS - PRIVATE SECTOR
INEOSSTYRO,INEOS Styrolution India Limited,CHEMICALS,CHEMICALS
INFIBEAM,Infibeam Incorporation Limited,IT,MISCELLANEOUS
INFINITE,Infinite Computer Solutions (India) Limited,IT,
INFOBEAN,,,
INFRABEES,,,
INFRATEL,Bharti Infratel Limited,TELECOM,TELECOMMUNICATIONS - EQUIPMENT
INFY,Infosys Limited,IT,COMPUTERS - SOFTWARE
INGERRAND,Ingersoll Rand (India) Limited,INDUSTRIAL MANUFACTURING,COMPRESSORS
INNOVANA,,,
INNOVATIVE,,,
INOXLEISUR,INOX Leisure Limited,MEDIA & ENTERTAINMENT,MEDIA & ENTERTAINMENT
INOXWIND,Inox Wind Limited,INDUSTRIAL MANUFACTURING,POWER - GENERATION & DISTRIBUTION
INSECTICID,Insecticides (India) Limited,,
INTELLECT,Intellect Design Arena Limited,IT,COMPUTERS - SOFTWARE
INTENTECH,Intense Technologies Limited,IT,COMPUTERS - SOFTWARE
INVENTURE,Inventure Growth & Securities Limited,,
IOB,Indian Overseas Bank,FINANCIAL SERVICES,BANKS - PUBLIC SECTOR
IOC,Indian Oil Corporation Limited,ENERGY,REFINERIES
IOLCP,IOL Chemicals and Pharmaceuticals Limited,PHARMA,PHARMACEUTICALS
IPAPPM,International Paper APPM Limited,,
IPCALAB,IPCA Laboratories Limited,PHARMA,PHARMACEUTICALS
IRB,IRB Infrastructure Developers Limited,CONSTRUCTION,INFRASTRUCTURE - GENERAL
IRBINVIT,,,
IRFC,,,
ISEC,,,
ISFT,Intrasoft Technologies Limited,,RETAIL
ISMTLTD,ISMT Limited,,
ITC,ITC Limited,CONSUMER GOODS,CIGARETTES
ITDC,India Tourism Development Corporation Limited,SERVICES,
ITDCEM,ITD Cementation India Limited,CONSTRUCTION,CONSTRUCTION & CONTRACTING - CIVIL
ITI,ITI Limited,TELECOM,
IVC,IL&FS Investment Managers Limited,,
IVP,IVP Limited,,
IVRCLINFRA,IVRCL Limited,,
IVZINGOLD,,,
IVZINNIFTY,,,
IZMO,IZMO Limited,,
J&KBANK,The Jammu & Kashmir Bank Limited,FINANCIAL SERVICES,BANKS - PUBLIC SECTOR
JAGRAN,Jagran Prakashan Limited,MEDIA & ENTERTAINMENT,MEDIA & ENTERTAINMENT
JAGSNPHARM,Jagsonpal Pharmaceuticals Limited,PHARMA,PHARMACEUTICALS
JAIBALAJI,Jai Balaji Industries Limited,,
JAICORPLTD,Jai Corp Limited,INDUSTRIAL MANUFACTURING,STEEL - GP & GC SHEETS
JAKHARIA,,,
JAMNAAUTO,Jamna Auto Industries Limited,AUTOMOBILE,AUTO ANCILLARIES
JASH,,,
JAYAGROGN,Jayant Agro Organics Limited,,
JAYBARMARU,Jay Bharat Maruti Limited,,
JAYNECOIND,Jayaswal Neco Industries Limited,,
JAYSREETEA,Jayshree Tea & Industries Limited,,
JBCHEPHARM,JB Chemicals & Pharmaceuticals Limited,PHARMA,PHARMACEUTICALS
JBFIND,JBF Industries Limited,TEXTILES,TEXTILES - MANMADE
JBMA,JBM Auto Limited,AUTOMOBILE,AUTO ANCILLARIES
JCHAC,Johnson Controls -Hitachi Air Conditioning India Limited,CONSUMER GOODS,CONSUMER GOODS - WHITE GOODS
JETAIRWAYS,Jet Airways (India) Limited,SERVICES,TRANSPORT & LOGISTICS
JHS,JHS Svendgaard Laboratories Limited,,
JINDALPHOT,Jindal Photo Limited,,
JINDALPOLY,Jindal Poly Films Limited,INDUSTRIAL MANUFACTURING,PACKAGING
JINDALSAW,Jindal Saw Limited,METALS,STEEL - TUBES & PIPES
JINDALSTEL,Jindal Steel & Power Limited,METALS,STEEL - SPONGE IRON
JINDCOT,Jindal Cotex Limited,,
JINDRILL,Jindal Drilling And Industries Limited,,
JINDWORLD,Jindal Worldwide Limited,,
JISLDVREQS,Jain Irrigation Systems Limited,,
JISLJALEQS,Jain Irrigation Systems Limited,INDUSTRIAL MANUFACTURING,PLASTICS
JITFINFRA,JITF Infralogistics Limited,SERVICES,TRANSPORT & LOGISTICS
JKCEMENT,JK Cement Limited,CEMENT & CEMENT PRODUCTS,CEMENT - MAJOR
JKIL,J.Kumar Infraprojects Limited,CONSTRUCTION,CONSTRUCTION & CONTRACTING - CIVIL
JKLAKSHMI,JK Lakshmi Cement Limited,CEMENT & CEMENT PRODUCTS,CEMENT - MAJOR
JKPAPER,JK Paper Limited,,
JKTYRE,JK Tyre & Industries Limited,AUTOMOBILE,TYRES
JMA,Jullundur Motor Agency (Delhi) Limited,,
JMCPROJECT,JMC Projects (India)  Limited,,
JMFINANCIL,JM Financial Limited,FINANCIAL SERVICES,FINANCE - INVESTMENTS
JMTAUTOLTD,JMT Auto Limited,AUTOMOBILE,AUTO ANCILLARIES
JOCIL,Jocil Limited,,
JPASSOCIAT,Jaiprakash Associates Limited,CEMENT & CEMENT PRODUCTS,INFRASTRUCTURE - GENERAL
JPINFRATEC,Jaypee Infratech Limited,CONSTRUCTION,INFRASTRUCTURE - GENERAL
JPOLYINVST,Jindal Poly Investment and Finance Company Limited,FINANCIAL SERVICES,FINANCE - LEASING & HIRE PURCHASE
JPPOWER,Jaiprakash Power Ventures Limited,ENERGY,
JSL,Jindal Stainless Limited,METALS,
JSLHISAR,Jindal Stainless (Hisar) Limited,METALS,STEEL - LARGE
JSWENERGY,JSW Energy Limited,ENERGY,POWER - GENERATION & DISTRIBUTION
JSWHL,JSW Holdings Limited,,
JSWSTEEL,JSW Steel Limited,METALS,STEEL - LARGE
JTEKTINDIA,,,
JUBILANT,Jubilant Life Sciences Limited,PHARMA,PHARMACEUTICALS
JUBLFOOD,Jubilant Foodworks Limited,CONSUMER GOODS,MISCELLANEOUS
JUBLINDS,Jubilant Industries Limited,,
JUNIORBEES,,,
JUSTDIAL,Just Dial Limited,IT,MISCELLANEOUS
JVLAGRO,JVL Agro Industries Limited,,
JYOTHYLAB,Jyothy Laboratories Limited,CONSUMER GOODS,PERSONAL CARE
JYOTISTRUC,Jyoti Structures Limited,,
KABRAEXTRU,Kabra Extrusion Technik Limited,,
KAJARIACER,Kajaria Ceramics Limited,CONSTRUCTION,CERAMICS & GRANITE
KAKATCEM,Kakatiya Cement Sugar & Industries Limited,CONSUMER GOODS,SUGAR
KALPATPOWR,Kalpataru Power Transmission Limited,ENERGY,POWER - TRANSMISSION & EQUIPMENT
KALYANIFRG,Kalyani Forge Limited,,
KAMATHOTEL,Kamat Hotels (I) Limited,SERVICES,HOTELS
KAMDHENU,Kamdhenu Limited,,
KANANIIND,Kanani Industries Limited,,
KANORICHEM,Kanoria Chemicals & Industries Limited,CHEMICALS,CHEMICALS
KANSAINER,Kansai Nerolac Paints Limited,CONSUMER GOODS,PAINTS & VARNISHES
KAPSTON,,,
KARDA,,,
KARMAENG,Karma Energy Limited,,
KARURVYSYA,Karur Vysya Bank Limited,FINANCIAL SERVICES,BANKS - PRIVATE SECTOR
KAUSHALYA,,,
KAVVERITEL,Kavveri Telecom Products Limited,,
KAYA,Kaya Limited,,
KCP,KCP Limited,,
KCPSUGIND,KCP Sugar and Industries Corporation Limited,CONSUMER GOODS,SUGAR
KDDL,KDDL Limited,,
KEC,KEC International Limited,CONSTRUCTION,POWER - TRANSMISSION & EQUIPMENT
KECL,Kirloskar Electric Company Limited,,
KEERTI,,,
KEI,KEI Industries Limited,,
KELLTONTEC,Kellton Tech Solutions Limited,,
KERNEX,Kernex Microsystems (India) Limited,,
KESARENT,Kesar Enterprises Limited,,
KESORAMIND,Kesoram Industries Limited,CEMENT & CEMENT PRODUCTS,DIVERSIFIED
KEYCORPSER,Keynote Corporate Services Limited,,
KGL,Karuturi Global Limited,,
KHADIM,,,
KHAITANELE,Khaitan Electricals Limited,,
KHAITANLTD,Khaitan (India) Limited,,
KHANDSE,Khandwala Securities Limited,,
KICL,Kalyani Investment Company Limited,,
KILITCH,Kilitch Drugs (India) Limited,PHARMA,PHARMACEUTICALS
KINGFA,Kingfa Science & Technology (India) Limited,,PLASTICS
KIOCL,KIOCL Limited,METALS,
KIRIINDUS,Kiri Industries Limited,,
KIRLOSBROS,Kirloskar Brothers Limited,,
KIRLOSENG,Kirloskar Oil Engines Limited,INDUSTRIAL MANUFACTURING,ENGINES
KIRLOSIND,Kirloskar Industries Limited,,
KITEX,Kitex Garments Limited,TEXTILES,TEXTILES - READYMADE APPARELS
KKCL,Kewal Kiran Clothing Limited,TEXTILES,TEXTILES - GENERAL
KMSUGAR,K.M.Sugar Mills Limited,CONSUMER GOODS,SUGAR
KNRCON,KNR Constructions Limited,CONSTRUCTION,CONSTRUCTION & CONTRACTING - CIVIL
KOHINOOR,Kohinoor Foods Limited,CONSUMER GOODS,FOOD PROCESSING
KOKUYOCMLN,Kokuyo Camlin Limited,,
KOLTEPATIL,Kolte - Patil Developers Limited,CONSTRUCTION,
KOPRAN,Kopran Limited,,
KOTAKBANK,Kotak Mahindra Bank Limited,FINANCIAL SERVICES,BANKS - PRIVATE SECTOR
KOTAKBKETF,,,
KOTAKGOLD,,,
KOTAKNIFTY,,,
KOTAKNV20,,,
KOTAKPSUBK,,,
KOTARISUG,Kothari Sugars And Chemicals Limited,CONSUMER GOODS,SUGAR
KOTHARIPET,Kothari Petrochemicals Limited,CHEMICALS,CHEMICALS
KOTHARIPRO,Kothari Products Limited,,
KPIT,KPIT Technologies Limited,IT,COMPUTERS - SOFTWARE MEDIUM & SMALL
KPRMILL,K.P.R. Mill Limited,TEXTILES,TEXTILES - READYMADE APPARELS
KRBL,KRBL Limited,CONSUMER GOODS,FOOD PROCESSING
KREBSBIO,Krebs Biochemicals and Industries Limited,CHEMICALS,CHEMICALS
KRIDHANINF,Kridhan Infra Limited,CONSTRUCTION,
KSBPUMPS,KSB Pumps Limited,,
KSCL,Kaveri Seed Company Limited,CONSUMER GOODS,MISCELLANEOUS
KSERASERA,KSS Limited,,
KSK,KSK Energy Ventures Limited,,
KSL,Kalyani Steels Limited,METALS,
KTIL,Kesar Terminals & Infrastructure Limited,CONSTRUCTION,
KTKBANK,The Karnataka Bank Limited,FINANCIAL SERVICES,BANKS - PRIVATE SECTOR
KWALITY,kwality limited,CONSUMER GOODS,FOOD PROCESSING
L&TFH,L&T Finance Holdings Limited,FINANCIAL SERVICES,FINANCE - LEASING & HIRE PURCHASE
L&TFINANCE,,,
L&TINFRA,,,
LAKPRE,Lakshmi Precision Screws Limited,,
LAKSHMIEFL,Lakshmi Energy and Foods Limited,CONSUMER GOODS,FOOD PROCESSING
LAKSHVILAS,Lakshmi Vilas Bank Limited,FINANCIAL SERVICES,BANKS - PRIVATE SECTOR
LALPATHLAB,Dr. Lal Path Labs Ltd.,HEALTHCARE SERVICES,PHARMACEUTICALS
LAMBODHARA,Lambodhara Textiles Limited,TEXTILES,TEXTILES - SPINNING - COTTON BLENDED
LAOPALA,La Opala RG Limited,AUTOMOBILE,GLASS & GLASS PRODUCTS
LASA,Lasa Supergenerics Limited,,
LAURUSLABS,Laurus Labs Limited,PHARMA,PHARMACEUTICALS
LAXMICOT,,,
LAXMIMACH,Lakshmi Machine Works Limited,INDUSTRIAL MANUFACTURING,TEXTILES - MACHINERY
LEEL,LEEL Electricals Limited,,
LEMONTREE,,,
LEXUS,,,
LFIC,Lakshmi Finance & Industrial Corporation Limited,FINANCIAL SERVICES,FINANCE - LEASING & HIRE PURCHASE
LGBBROSLTD,LG Balakrishnan & Bros Limited,,
LGBFORGE,,,
LIBAS,,,
LIBERTSHOE,Liberty Shoes Limited,,
LICHSGFIN,LIC Housing Finance Limited,FINANCIAL SERVICES,FINANCE - HOUSING
LICNETFGSC,,,
LICNETFN50,,,
LICNETFSEN,,,
LICNFNHGP,,,
LINCOLN,Lincoln Pharmaceuticals Limited,PHARMA,PHARMACEUTICALS
LINCPEN,Linc Pen & Plastics Limited,,
LINDEINDIA,Linde India Limited,CHEMICALS,CHEMICALS
LIQUIDBEES,,,
LIQUIDETF,,,
LITL,Lanco Infratech Limited,CONSTRUCTION,INFRASTRUCTURE - GENERAL
LOKESHMACH,Lokesh Machines Limited,,
LOTUSEYE,Lotus Eye Care Hospital Limited,,
LOVABLE,Lovable Lingerie Limited,,
LPDC,Landmark Property Development Company Limited,,
LSIL,Lloyds Steels Industries Limited,METALS,
LT,Larsen & Toubro Limited,CONSTRUCTION,INFRASTRUCTURE - GENERAL
LTI,Larsen & Toubro Infotech Limited,IT,COMPUTERS - SOFTWARE
LTTS,L&T Technology Services Limited,IT,COMPUTERS - SOFTWARE MEDIUM & SMALL
LUMAXIND,Lumax Industries Limited,,
LUMAXTECH,Lumax Auto Technologies Limited,AUTOMOBILE,AUTO ANCILLARIES
LUPIN,Lupin Limited,PHARMA,PHARMACEUTICALS
LUXIND,Lux Industries Limited,,
LYCOS,Lycos Internet Limited,,
LYKALABS,Lyka Labs Limited,,
LYPSAGEMS,Lypsa Gems & Jewellery Limited,,
M&M,Mahindra & Mahindra Limited,AUTOMOBILE,
M&MFIN,Mahindra & Mahindra Financial Services Limited,FINANCIAL SERVICES,
M100,,,
M14RG,,,
M50,,,
MAANALU,Maan Aluminium Limited,,
MACPOWER,,,
MADHAV,Madhav Marbles and Granites Limited,,
MADHUCON,Madhucon Projects Limited,,
MADRASFERT,Madras Fertilizers Limited,FERTILISERS & PESTICIDES,FERTILISERS
MAGADSUGAR,Magadh Sugar & Energy Limited,CONSUMER GOODS,SUGAR
MAGMA,Magma Fincorp Limited,FINANCIAL SERVICES,FINANCE - LEASING & HIRE PURCHASE
MAGNUM,Magnum Ventures Limited,,
MAHABANK,Bank of Maharashtra,FINANCIAL SERVICES,BANKS - PUBLIC SECTOR
MAHAPEXLTD,,,
MAHASTEEL,Mahamaya Steel Industries Limited,METALS,
MAHESHWARI,,,
MAHICKRA,,,
MAHINDCIE,Mahindra CIE Automotive Limited,INDUSTRIAL MANUFACTURING,CASTINGS & FORGINGS
MAHLIFE,Mahindra Lifespace Developers Limited,CONSTRUCTION,CONSTRUCTION & CONTRACTING - CIVIL
MAHLOG,,,
MAHSCOOTER,Maharashtra Scooters Limited,,
MAHSEAMLES,Maharashtra Seamless Limited,,
MAITHANALL,Maithan Alloys Limited,,
MAJESCO,Majesco Limited,,
MALUPAPER,Malu Paper Mills Limited,,
MANAKALUCO,Manaksia Aluminium Company Limited,,
MANAKCOAT,Manaksia Coated Metals & Industries Limited,METALS,
MANAKSIA,Manaksia Limited,,
MANAKSTEEL,Manaksia Steels Limited,METALS,
MANALIPETC,Manali Petrochemicals Limited,CHEMICALS,CHEMICALS
MANAPPURAM,Manappuram Finance Limited,FINANCIAL SERVICES,FINANCE - LEASING & HIRE PURCHASE
MANDHANA,Mandhana Industries Limited,,
MANGALAM,Mangalam Drugs And Organics Limited,PHARMA,PHARMACEUTICALS
MANGCHEFER,Mangalore Chemicals & Fertilizers Limited,FERTILISERS & PESTICIDES,FERTILISERS
MANGLMCEM,Mangalam Cement Limited,,
MANGTIMBER,Mangalam Timber Products Limited,,
MANINDS,Man Industries (India) Limited,,
MANINFRA,Man Infraconstruction Limited,CONSTRUCTION,CONSTRUCTION & CONTRACTING - CIVIL
MANPASAND,Manpasand Beverages Limited,CONSUMER GOODS,FOOD PROCESSING
MANUGRAPH,Manugraph India Limited,,
MARALOVER,Maral Overseas Limited,,
MARATHON,Marathon Nextgen Realty Limited,,
MARICO,Marico Limited,CONSUMER GOODS,PERSONAL CARE
MARKSANS,Marksans Pharma Limited,PHARMA,PHARMACEUTICALS
MARUTI,Maruti Suzuki India Limited,AUTOMOBILE,AUTO - CARS & JEEPS
MASFIN,MAS Financial Services Ltd.,FINANCIAL SERVICES,FINANCE - GENERAL
MASTEK,Mastek Limited,,
MATRIMONY,Matrimony.Com Limited,,
MAWANASUG,Mawana Sugars Limited,CONSUMER GOODS,SUGAR
MAXINDIA,Max India Limited,HEALTHCARE SERVICES,MISCELLANEOUS
MAXVIL,Max Ventures and Industries Limited,,
MAYURUNIQ,Mayur Uniquoters Ltd,,
MAZDA,Mazda Limited,,
MBECL,Mcnally Bharat Engineering Company Limited,INDUSTRIAL MANUFACTURING,
MBLINFRA,MBL Infrastructures Limited,CONSTRUCTION,
MCDHOLDING,McDowell Holdings Limited,,
MCDOWELL-N,United Spirits Limited,CONSUMER GOODS,
MCL,,,
MCLEODRUSS,Mcleod Russel India Limited,CONSUMER GOODS,PLANTATIONS - TEA & COFFEE
MCX,Multi Commodity Exchange of India Limited,FINANCIAL SERVICES,MISCELLANEOUS
MEGASOFT,Megasoft Limited,,
MEGH,Meghmani Organics Limited,,
MENONBE,Menon Bearings Limited,,
MEP,MEP Infrastructure Developers Limited,CONSTRUCTION,
MERCATOR,Mercator Limited,,
MERCK,Merck Limited,PHARMA,
METALFORGE,Metalyst Forgings Limited,METALS,
METKORE,Metkore Alloys & Industries Limited,,
MFSL,Max Financial Services Limited,FINANCIAL SERVICES,FINANCE - INVESTMENTS
MGL,Mahanagar Gas Limited,ENERGY,REFINERIES
MHHL,,,
MHRIL,Mahindra Holidays & Resorts India Limited,SERVICES,HOTELS
MIC,MIC Electronics Limited,,
MIDHANI,,,
MINDACORP,Minda Corporation Limited,AUTOMOBILE,
MINDAIND,Minda Industries Limited,AUTOMOBILE,AUTO ANCILLARIES
MINDTECK,Mindteck (India) Limited,,
MINDTREE,MindTree Limited,IT,COMPUTERS - SOFTWARE
MIRCELECTR,MIRC Electronics Limited,,
MIRZAINT,Mirza International Limited,,
MITCON,,,
MITTAL,,,
MKPL,,,
MMFL,MM Forgings Limited,,
MMP,,,
MMTC,MMTC Limited,SERVICES,TRADING
MOHITIND,Mohit Industries Limited,,
MOHOTAIND,,,
MOIL,MOIL Limited,METALS,MINING & MINERALS
MOKSH,,,
MOLDTECH,Mold-Tek Technologies Limited,,PACKAGING
MOLDTKPAC,Mold-Tek Packaging Limited,,
MONNETISPA,Monnet Ispat and Energy Limited,,
MONSANTO,Monsanto India Limited,FERTILISERS & PESTICIDES,PESTICIDES & AGRO CHEMICALS
MONTECARLO,Monte Carlo Fashions Limited,TEXTILES,TEXTILES - READYMADE APPARELS
MORARJEE,Morarjee Textiles Limited,TEXTILES,TEXTILES - SPINNING - COTTON BLENDED
MOREPENLAB,Morepen Laboratories Limited,,
MOSERBAER,Moser-Baer (I) Limited,,
MOTHERSUMI,Motherson Sumi Systems Limited,AUTOMOBILE,AUTO ANCILLARIES
MOTILALOFS,Motilal Oswal Financial Services Limited,FINANCIAL SERVICES,FINANCE - GENERAL
MOTOGENFIN,The Motor & General Finance Limited,FINANCIAL SERVICES,FINANCE - LEASING & HIRE PURCHASE
MPHASIS,MphasiS Limited,IT,COMPUTERS - SOFTWARE
MPSLTD,MPS Limited,,
MPTODAY,,,
MRF,MRF Limited,AUTOMOBILE,TYRES
MRO-TEK,MRO-TEK Realty Limited,,
MRPL,Mangalore Refinery and Petrochemicals Limited,ENERGY,REFINERIES
MSPL,MSP Steel & Power Limited,METALS,
MTEDUCARE,MT Educare Limited,,
MTNL,Mahanagar Telephone Nigam Limited,TELECOM,TELECOMMUNICATIONS - SERVICE
MUKANDENGG,Mukand Engineers Limited,INDUSTRIAL MANUFACTURING,
MUKANDLTD,Mukand Limited,,
MUKTAARTS,Mukta Arts Limited,,
MUNJALAU,Munjal Auto Industries Limited,AUTOMOBILE,AUTO ANCILLARIES
MUNJALSHOW,Munjal Showa Limited,,
MURUDCERA,Murudeshwar Ceramics Limited,,
MUTHOOTCAP,Muthoot Capital Services Limited,,
MUTHOOTFIN,Muthoot Finance Limited,FINANCIAL SERVICES,FINANCE - INVESTMENTS
MVL,,,
N100,,,
NABARD,,,
NACLIND,,,
NAGAFERT,Nagarjuna Fertilizers and Chemicals Limited,FERTILISERS & PESTICIDES,FERTILISERS
NAGAROIL,Nagarjuna Oil Refinery Limited,,
NAGREEKCAP,Nagreeka Capital & Infrastructure Limited,CONSTRUCTION,
NAGREEKEXP,Nagreeka Exports Limited,,
NAHARCAP,Nahar Capital and Financial Services Limited,,
NAHARINDUS,Nahar Industrial Enterprises Limited,,
NAHARPOLY,Nahar Poly Films Limited,,
NAHARSPING,Nahar Spinning Mills Limited,,
NAKODA,Nakoda Limited,,
NATCOPHARM,Natco Pharma Limited,PHARMA,PHARMACEUTICALS
NATHBIOGEN,Nath Bio-Genes (India) Limited,,
NATIONALUM,National Aluminium Company Limited,METALS,ALUMINIUM
NATNLSTEEL,National Steel And Agro Industries Limited,METALS,
NAUKRI,Info Edge (India) Limited,IT,MISCELLANEOUS
NAVINFLUOR,Navin Fluorine International Limited,CHEMICALS,CHEMICALS
NAVKARCORP,Navkar Corporation Limited,SERVICES,TRANSPORT & LOGISTICS
NAVNETEDUL,Navneet Education Limited,#N/A,PRINTING & STATIONERY
NBCC,NBCC (India) Limited,CONSTRUCTION,INFRASTRUCTURE - GENERAL
NBIFIN,N. B. I. Industrial Finance Company Limited,FINANCIAL SERVICES,FINANCE - LEASING & HIRE PURCHASE
NBVENTURES,Nava Bharat Ventures Limited,ENERGY,DIVERSIFIED
NCC,NCC Limited,CONSTRUCTION,CONSTRUCTION & CONTRACTING - CIVIL
NCLIND,NCL Industries Limited,,
NDGL,Naga Dhunseri Group Limited,,
NDL,Nandan Denim Limited,TEXTILES,TEXTILES - DENIM
NDTV,New Delhi Television Limited,,
NECCLTD,North Eastern Carrying Corporation Limited,,
NECLIFE,Nectar Lifesciences Limited,,
NELCAST,Nelcast Limited,,
NELCO,NELCO Limited,,
NESCO,Nesco Limited,SERVICES,
NESTLEIND,Nestle India Limited,CONSUMER GOODS,FOOD PROCESSING
NETWORK18,Network18 Media & Investments Limited,MEDIA & ENTERTAINMENT,FINANCE - GENERAL
NEULANDLAB,Neuland Laboratories Limited,,
NEWGEN,,,
NEXTMEDIA,Next Mediaworks Limited,,
NFL,National Fertilizers Limited,FERTILISERS & PESTICIDES,
NH,Narayana Hrudayalaya Ltd.,HEALTHCARE SERVICES,HOSPITALS & MEDICAL SERVICES
NHAI,,,
NHBTF2014,,,
NHBTF2023,,,
NHPC,NHPC Limited,ENERGY,POWER - GENERATION & DISTRIBUTION
NIACL,,,
NIBL,NRB Industrial Bearings Limited,,
NIFTYBEES,,,
NIFTYEES,,,
NIITLTD,NIIT Limited,IT,COMPUTERS - SOFTWARE - TRAINING
NIITTECH,NIIT Technologies Limited,IT,COMPUTERS - SOFTWARE
NILAINFRA,Nila Infrastructures Limited,CONSTRUCTION,
NILKAMAL,Nilkamal Limited,INDUSTRIAL MANUFACTURING,PLASTICS
NIPPOBATRY,Indo-National Limited,,
NITCO,Nitco Limited,,
NITESHEST,Nitesh Estates Limited,,
NITINFIRE,Nitin Fire Protection Industries Limited,,
NITINSPIN,Nitin Spinners Limited,,
NITIRAJ,,,
NKIND,NK Industries Limited,,
NLCINDIA,NLC India Limited,ENERGY,POWER - GENERATION & DISTRIBUTION
NMDC,NMDC Limited,METALS,MINING & MINERALS
NOCIL,NOCIL Limited,,
NOIDATOLL,Noida Toll Bridge Company Limited,,
NORBTEAEXP,Norben Tea & Exports Limited,,
NRAIL,N R Agarwal Industries Limited,,
NRBBEARING,NRB Bearing Limited,,
NSIL,Nalwa Sons Investments Limited,,
NTL,Neueon Towers Limited,,
NTPC,NTPC Limited,ENERGY,POWER - GENERATION & DISTRIBUTION
NUCLEUS,Nucleus Software Exports Limited,IT,
NUTEK,,,
OBEROIRLTY,Oberoi Realty Limited,CONSTRUCTION,CONSTRUCTION & CONTRACTING - REAL ESTATE
OCCL,Oriental Carbon & Chemicals Limited,CHEMICALS,CHEMICALS
OCL,OCL India Limited,CEMENT & CEMENT PRODUCTS,CEMENT - MAJOR
OFSS,Oracle Financial Services Software Limited,IT,COMPUTERS - SOFTWARE
OIL,Oil India Limited,ENERGY,OIL DRILLING AND EXPLORATION
OILCOUNTUB,Oil Country Tubular Limited,,
OISL,OCL Iron and Steel Limited,METALS,
OMAXAUTO,Omax Autos Limited,AUTOMOBILE,AUTO ANCILLARIES
OMAXE,Omaxe Limited,CONSTRUCTION,CONSTRUCTION & CONTRACTING - REAL ESTATE
OMKARCHEM,Omkar Speciality Chemicals Limited,CHEMICALS,CHEMICALS
OMMETALS,OM Metals Infraprojects Limited,CONSTRUCTION,
ONELIFECAP,Onelife Capital Advisors Limited,,
ONEPOINT,,,
ONGC,Oil & Natural Gas Corporation Limited,ENERGY,OIL DRILLING AND EXPLORATION
ONMOBILE,OnMobile Global Limited,,
ONWARDTEC,Onward Technologies Limited,,
OPTIEMUS,Optiemus Infracom Limited,FINANCIAL SERVICES,FINANCE - LEASING & HIRE PURCHASE
OPTOCIRCUI,Opto Circuits (India) Limited,,
ORBTEXP,Orbit Exports Limited,,
ORCHIDPHAR,Orchid Pharma Limited,PHARMA,PHARMACEUTICALS
ORICONENT,Oricon Enterprises Limited,,
ORIENTABRA,Orient Abrasives Limited,,
ORIENTALTL,Oriental Trimex Limited,,
ORIENTBANK,Oriental Bank of Commerce,FINANCIAL SERVICES,BANKS - PUBLIC SECTOR
ORIENTBELL,Orient Bell Limited,,
ORIENTCEM,Orient Cement Limited,CEMENT & CEMENT PRODUCTS,CEMENT - MAJOR
ORIENTELEC,,,
ORIENTHOT,Oriental Hotels Limited,SERVICES,HOTELS
ORIENTLTD,Orient Press Limited,,
ORIENTPPR,Orient Paper & Industries Limited,,
ORIENTREF,Orient Refractories Limited,,
ORISSAMINE,The Orissa Minerals Development Company Limited,,
ORTEL,Ortel Communications Limited,,
ORTINLABSS,Ortin Laboratories Limited,,
OSWALAGRO,,,
OSWALSEEDS,,,
PAGEIND,Page Industries Limited,TEXTILES,TEXTILES - READYMADE APPARELS
PAISALO,,,
PALASHSECU,Palash Securities Limited,,
PALREDTEC,Palred Technologies Limited,,
PANACEABIO,Panacea Biotec Limited,,
PANAMAPET,Panama Petrochem Limited,,
PANORAMUNI,Panoramic Universal Limited,,
PAPERPROD,Huhtamaki PPL Limited,,
PARABDRUGS,Parabolic Drugs Limited,PHARMA,PHARMACEUTICALS
PARACABLES,Paramount Communications Limited,,
PARAGMILK,Parag Milk Foods Limited,CONSUMER GOODS,FOOD PROCESSING
PARSVNATH,Parsvnath Developers Limited,,
PATELENG,Patel Engineering Limited,INDUSTRIAL MANUFACTURING,
PATINTLOG,Patel Integrated Logistics Limited,SERVICES,TRANSPORT & LOGISTICS
PATSPINLTD,Patspin India Limited,,
PBAINFRA,PBA Infrastructure Limited,CONSTRUCTION,
PCJEWELLER,PC Jeweller Limited,CONSUMER GOODS,DIAMOND CUTTING & JEWELLERY & PRECIOUS METALS
PDMJEPAPER,Pudumjee Paper Products Limited,,
PDPL,Parenteral Drugs (India) Limited,PHARMA,PHARMACEUTICALS
PDSMFL,PDS Multinational Fashions Limited,TEXTILES,TEXTILES - READYMADE APPARELS
PEARLPOLY,Pearl Polymers Limited,,
PEL,Piramal Enterprises Limited,PHARMA,PHARMACEUTICALS
PENIND,Pennar Industries Limited,,
PENINLAND,Peninsula Land Limited,,
PENPEBS,Pennar Engineered Building Systems Limited,INDUSTRIAL MANUFACTURING,
PERFECT,,,
PERSISTENT,Persistent Systems Limited,IT,COMPUTERS - SOFTWARE
PETRONENGG,Petron Engineering Construction Limited,INDUSTRIAL MANUFACTURING,
PETRONET,Petronet LNG Limited,ENERGY,OIL DRILLING AND EXPLORATION
PFC,Power Finance Corporation Limited,FINANCIAL SERVICES,FINANCE - TERM LENDING INSTITUTIONS
PFIZER,Pfizer Limited,PHARMA,PHARMACEUTICALS
PFOCUS,Prime Focus Limited,,
PFS,PTC India Financial Services Limited,FINANCIAL SERVICES,FINANCE - TERM LENDING INSTITUTIONS
PGEL,PG Electroplast Limited,,
PGHH,Procter & Gamble Hygiene and Health Care Limited,CONSUMER GOODS,PERSONAL CARE
PGIL,Pearl Global Industries Limited,,
PHILIPCARB,Phillips Carbon Black Limited,,
PHOENIXLTD,The Phoenix Mills Limited,CONSTRUCTION,CONSTRUCTION & CONTRACTING - REAL ESTATE
PIDILITIND,Pidilite Industries Limited,CHEMICALS,CHEMICALS
PIGL,,,
PIIND,PI Industries Limited,FERTILISERS & PESTICIDES,PESTICIDES & AGRO CHEMICALS
PILANIINVS,Pilani Investment and Industries Corporation Limited,,
PILITA,PIL ITALICA LIFESTYLE LIMITED,,
PIONDIST,Pioneer Distilleries Limited,,
PIONEEREMB,Pioneer Embroideries Limited,,
PIRPHYTO,,,
PITTIENG,,,
PKTEA,The Peria Karamalai Tea & Produce Company Limited,,
PLASTIBLEN,Plastiblends India Limited,,
PNB,Punjab National Bank,FINANCIAL SERVICES,BANKS - PUBLIC SECTOR
PNBGILTS,PNB Gilts Limited,,
PNBHOUSING,PNB Housing Finance Limited,FINANCIAL SERVICES,FINANCE - HOUSING
PNC,Pritish Nandy Communications Limited,,
PNCINFRA,PNC Infratech Limited,CONSTRUCTION,CONSTRUCTION & CONTRACTING - REAL ESTATE
POCHIRAJU,Pochiraju Industries Limited,,
PODDARHOUS,Poddar Housing and Development Limited,,
PODDARMENT,Poddar Pigments Limited,,
POKARNA,Pokarna Limited,,
POLARIS,POLARIS CONSULTING & SERVICES LIMITED,IT,COMPUTERS - SOFTWARE
POLYMED,Poly Medicure Limited,,
POLYPLEX,Polyplex Corporation Limited,,
PONNIERODE,Ponni Sugars (Erode) Limited,CONSUMER GOODS,SUGAR
POWERGRID,Power Grid Corporation of India Limited,ENERGY,POWER - GENERATION & DISTRIBUTION
POWERMECH,Power Mech Projects Limited,,
PPAP,PPAP Automotive Limited,AUTOMOBILE,AUTO ANCILLARIES
PRABHAT,Prabhat Dairy Limited,,
PRADIP,Pradip Overseas Limited,,
PRAENG,Prajay Engineers Syndicate Limited,INDUSTRIAL MANUFACTURING,
PRAJIND,Praj Industries Limited,INDUSTRIAL MANUFACTURING,ENGINEERING - HEAVY
PRAKASH,Prakash Industries Limited,,
PRAKASHCON,Prakash Constrowell Limited,,
PRATIBHA,Pratibha Industries Limited,,
PRAXIS,,,
PRECAM,Precision Camshafts Limited,,
PRECOT,Precot Meridian Limited,,
PRECWIRE,Precision Wires India Limited,,
PREMEXPLN,Premier Explosives Limited,,
PREMIER,Premier Limited,,
PREMIERPOL,Premier Polyfilm Limited,,
PRESSMN,Pressman Advertising Limited,,
PRESTIGE,Prestige Estates Projects Limited,CONSTRUCTION,CONSTRUCTION & CONTRACTING - REAL ESTATE
PRICOLLTD,Pricol Limited,,
PRIMESECU,Prime Securities Limited,,
PRITI,,,
PROLIFE,,,
PROVOGE,Provogue (India) Limited,,
PROZONINTU,Prozone Intu Properties Limited,,
PRSMJOHNSN,Prism Johnson Ltd.,CEMENT & CEMENT PRODUCTS,CEMENT - MAJOR
PSB,Punjab & Sind Bank,FINANCIAL SERVICES,BANKS - PUBLIC SECTOR
PSL,PSL Limited,,
PSPPROJECT,PSP Projects Limited,,
PSUBNKBEES,,,
PTC,PTC India Limited,ENERGY,TRADING
PTL,PTL Enterprises Limited,,
PUNJABCHEM,Punjab Chemicals & Crop Protection Limited,CHEMICALS,FERTILISERS
PUNJLLOYD,Punj Lloyd Limited,,
PURVA,Puravankara Limited,,
PVP,PVP Ventures Limited,,
PVR,PVR Limited,MEDIA & ENTERTAINMENT,MEDIA & ENTERTAINMENT
QGOLDHALF,,,
QUESS,Quess Corp Limited,SERVICES,
QUICKHEAL,Quick Heal Technologies Limited,,
RADAAN,Radaan Mediaworks India Limited,,
RADICO,Radico Khaitan Limited,CONSUMER GOODS,BREWERIES & DISTILLERIES
RADIOCITY,Music Broadcast Limited,,
RAIN,Rain Industries Limited,CHEMICALS,CEMENT - MAJOR
RAINBOWPAP,Rainbow Papers Limited,,
RAJESHEXPO,Rajesh Exports Limited,CONSUMER GOODS,DIAMOND CUTTING & JEWELLERY & PRECIOUS METALS
RAJRAYON,Raj Rayon Industries Limited,,
RAJSREESUG,Rajshree Sugars & Chemicals Limited,CONSUMER GOODS,SUGAR
RAJTV,Raj Television Network Limited,,
RAJVIR,Rajvir Industries Limited,,
RALLIS,Rallis India Limited,FERTILISERS & PESTICIDES,PESTICIDES & AGRO CHEMICALS
RAMANEWS,Shree Rama Newsprint Limited,,
RAMASTEEL,Rama Steel Tubes Limited,METALS,
RAMCOCEM,The Ramco Cements Limited,CEMENT & CEMENT PRODUCTS,CEMENT - MAJOR
RAMCOIND,Ramco Industries Limited,,
RAMCOSYS,Ramco Systems Limited,IT,
RAMGOPOLY,,,
RAMKY,Ramky Infrastructure Limited,CONSTRUCTION,
RANASUG,Rana Sugars Limited,CONSUMER GOODS,SUGAR
RANEENGINE,Rane Engine Valve Limited,,
RANEHOLDIN,Rane Holdings Limited,,
RATNAMANI,Ratnamani Metals & Tubes Limited,METALS,STEEL - TUBES & PIPES
RAYMOND,Raymond Limited,TEXTILES,TEXTILES - WOOLLEN & WORSTED
RBL,Rane Brake Lining Limited,,
RBLBANK,RBL Bank Limited,FINANCIAL SERVICES,BANKS - PRIVATE SECTOR
RCF,Rashtriya Chemicals and Fertilizers Limited,FERTILISERS & PESTICIDES,FERTILISERS
RCOM,Reliance Communications Limited,TELECOM,TELECOMMUNICATIONS - SERVICE
RECLTD,Rural Electrification Corporation Limited,FINANCIAL SERVICES,FINANCE - TERM LENDING INSTITUTIONS
REDINGTON,Redington (India) Limited,IT,COMPUTERS - HARDWARE
REFEX,Refex Industries Limited,,
REGENCERAM,Regency Ceramics Limited,,
RELAXO,Relaxo Footwears Limited,CONSUMER GOODS,LEATHER PRODUCTS
RELCAPITAL,Reliance Capital Limited,FINANCIAL SERVICES,FINANCE - INVESTMENTS
RELCNX100,,,
RELCONS,,,
RELDIVOPP,,,
RELIABLE,,,
RELIANCE,Reliance Industries Limited,ENERGY,REFINERIES
RELIFIN,,,
RELIGARE,Religare Enterprises Limited,FINANCIAL SERVICES,FINANCE - INVESTMENTS
RELINFRA,Reliance Infrastructure Limited,ENERGY,POWER - GENERATION & DISTRIBUTION
RELNV20,,,
REMSONSIND,Remsons Industries Limited,,
RENUKA,Shree Renuka Sugars Limited,CONSUMER GOODS,SUGAR
REPCOHOME,Repco Home Finance Limited,FINANCIAL SERVICES,FINANCE - HOUSING
REPL,,,
REPRO,Repro India Limited,,
RESPONIND,Responsive Industries Limited,,
REVATHI,Revathi Equipment Limited,INDUSTRIAL MANUFACTURING,
RHFL,Reliance Home Finance Limited,FINANCIAL SERVICES,FINANCE - HOUSING
RICOAUTO,Rico Auto Industries Limited,AUTOMOBILE,AUTO ANCILLARIES
RIIL,Reliance Industrial Infrastructure Limited,CONSTRUCTION,INFRASTRUCTURE - GENERAL
RITES,,,
RJL,Renaissance Jewellery Limited,,
RKDL,Ravi Kumar Distilleries Limited,,
RKEC,,,
RKFORGE,Ramkrishna Forgings Limited,INDUSTRIAL MANUFACTURING,
RMCL,Radha Madhav Corporation Limited,,
RMDRIP,,,
RML,Rane (Madras) Limited,,
RNAM,,,
RNAVAL,Reliance Naval and Engineering Limited,INDUSTRIAL MANUFACTURING,SHIPPING
ROHITFERRO,,,
ROHLTD,Royal Orchid Hotels Limited,SERVICES,HOTELS
ROLLT,Rollatainers Limited,,
ROLTA,Rolta India Limited,IT,COMPUTERS - SOFTWARE
ROSSELLIND,Rossell India Limited,,
RPGLIFE,RPG Life Sciences Limited,,
RPOWER,Reliance Power Limited,ENERGY,POWER - GENERATION & DISTRIBUTION
RPPINFRA,R.P.P. Infra Projects Limited,CONSTRUCTION,
RSSOFTWARE,R. S. Software (India) Limited,IT,
RSWM,RSWM Limited,,
RSYSTEMS,R Systems International Limited,,
RTNINFRA,RattanIndia Infrastructure Limited,CONSTRUCTION,
RTNPOWER,RattanIndia Power Limited,ENERGY,POWER - GENERATION & DISTRIBUTION
RUBYMILLS,The Ruby Mills Limited,,
RUCHIRA,Ruchira Papers Limited,,
RUCHISOYA,Ruchi Soya Industries Limited,,
RUPA,Rupa & Company Limited,TEXTILES,TEXTILES - READYMADE APPARELS
RUSHIL,Rushil Decor Limited,,
SABEVENTS,Sab Events & Governance Now Media Limited,,
SABTN,Sri Adhikari Brothers Television Network Limited,,
SADBHAV,Sadbhav Engineering Limited,CONSTRUCTION,INFRASTRUCTURE - GENERAL
SADBHIN,Sadbhav Infrastructure Project Limited,CONSTRUCTION,
SAGCEM,Sagar Cements Limited,,
SAIL,Steel Authority of India Limited,METALS,STEEL - LARGE
SAKHTISUG,Sakthi Sugars Limited,CONSUMER GOODS,SUGAR
SAKSOFT,Saksoft Limited,,
SAKUMA,Sakuma Exports Limited,,
SALASAR,Salasar Techno Engineering Limited,INDUSTRIAL MANUFACTURING,
SALONA,Salona Cotspin Limited,,
SALORAINTL,Salora International Limited,,
SALSTEEL,S.A.L. Steel Limited,METALS,
SALZERELEC,Salzer Electronics Limited,,
SAMBHAAV,Sambhaav Media Limited,,
SANCO,Sanco Industries Limited,,
SANDESH,The Sandesh Limited,,
SANDHAR,,,
SANGAMIND,Sangam (India) Limited,,
SANGHIIND,Sanghi Industries Limited,,
SANGHVIFOR,Sanghvi Forging and Engineering Limited,INDUSTRIAL MANUFACTURING,
SANGHVIMOV,Sanghvi Movers Limited,,
SANGINITA,,,
SANOFI,Sanofi India Limited,PHARMA,PHARMACEUTICALS
SANWARIA,Sanwaria Consumer Limited,,
SARDAEN,Sarda Energy & Minerals Limited,,
SAREGAMA,Saregama India Limited,,
SARLAPOLY,Sarla Performance Fibers Limited,,
SARVESHWAR,,,
SASKEN,Sasken Technologies Limited,,
SASTASUNDR,Sastasundar Ventures Limited,,
SATHAISPAT,Sathavahana Ispat Limited,,
SATIN,Satin Creditcare Network Limited,,
SBILIFE,SBI Life Insurance Company Ltd.,FINANCIAL SERVICES,FINANCE - GENERAL
SBIN,State Bank of India,FINANCIAL SERVICES,BANKS - PUBLIC SECTOR
SCAPDVR,,,
SCHAEFFLER,Schaeffler India Limited,INDUSTRIAL MANUFACTURING,BEARINGS
SCHAND,S Chand And Company Limited,,
SCHNEIDER,Schneider Electric Infrastructure Limited,ENERGY,POWER - GENERATION & DISTRIBUTION
SCI,Shipping Corporation Of India Limited,SERVICES,SHIPPING
SDBL,Som Distilleries & Breweries Limited,,
SEAMECLTD,Seamec Limited,,
SECURCRED,,,
SELAN,Selan Exploration Technology Limited,,
SELMCL,SEL Manufacturing Company Limited,,
SEPOWER,S.E. Power Limited,,
SEQUENT,Sequent Scientific Limited,PHARMA,PHARMACEUTICALS
SESHAPAPER,Seshasayee Paper and Boards Limited,,
SETCO,Setco Automotive Limited,AUTOMOBILE,AUTO ANCILLARIES
SETFGOLD,,,
SETFNIF50,,,
SETFNIFBK,,,
SETFNN50,,,
SEZAL,Sezal Glass Limited,,
SFL,Sheela Foam Limited,CONSUMER GOODS,MISCELLANEOUS
SGBAUG24,,,
SGBFEB24,,,
SGBJAN26,,,
SGBJUL25,,,
SGBMAR24,,,
SGBMAR25,,,
SGBMAY25,,,
SGBMAY26,,,
SGBNOV23,,,
SGBNOV24,,,
SGBNOV25,,,
SGBNOV25VI,,,
SGBOCT25,,,
SGBSEP24,,,
SGL,STL Global Limited,,
SHAHALLOYS,Shah Alloys Limited,,
SHAKTIPUMP,Shakti Pumps (India) Limited,,
SHALBY,,,
SHALPAINTS,Shalimar Paints Limited,,
SHANKARA,Shankara Building Products Limited,METALS,
SHANTIGEAR,Shanthi Gears Limited,,
SHARDACROP,Sharda Cropchem Limited,FERTILISERS & PESTICIDES,PESTICIDES & AGRO CHEMICALS
SHARDAMOTR,Sharda Motor Industries Limited,,
SHARIABEES,,,
SHARONBIO,Sharon Bio-Medicine Limited,,
SHEMAROO,Shemaroo Entertainment Limited,MEDIA & ENTERTAINMENT,MEDIA & ENTERTAINMENT
SHILPAMED,Shilpa Medicare Limited,PHARMA,PHARMACEUTICALS
SHILPI,Shilpi Cable Technologies Limited,,
SHIRPUR-G,Shirpur Gold Refinery Limited,,
SHIVAMAUTO,Shivam Autotech Limited,AUTOMOBILE,AUTO ANCILLARIES
SHIVAMILLS,,,
SHIVATEX,,,
SHK,S H Kelkar and Company Limited,CONSUMER GOODS,CHEMICALS
SHOPERSTOP,Shoppers Stop Limited,CONSUMER GOODS,RETAIL
SHREECEM,Shree Cements Limited,CEMENT & CEMENT PRODUCTS,CEMENT - MAJOR
SHREEPUSHK,Shree Pushkar Chemicals & Fertilisers Limited,FERTILISERS & PESTICIDES,FERTILISERS
SHREERAMA,Shree Rama Multi-Tech Limited,,
SHRENIK,,,
SHREYANIND,Shreyans Industries Limited,,
SHREYAS,Shreyas Shipping & Logistics Limited,SERVICES,TRANSPORT & LOGISTICS
SHRIPISTON,Shriram Pistons & Rings Limited,,
SHRIRAMCIT,Shriram City Union Finance Limited,FINANCIAL SERVICES,FINANCE - LEASING & HIRE PURCHASE
SHRIRAMEPC,Shriram EPC Limited,,
SHYAMCENT,Shyam Century Ferrous Limited,,
SHYAMTEL,,,
SICAGEN,Sicagen India Limited,,
SICAL,Sical Logistics Limited,SERVICES,TRANSPORT & LOGISTICS
SIEMENS,Siemens Limited,INDUSTRIAL MANUFACTURING,INFRASTRUCTURE - GENERAL
SIGNET,Signet Industries Limited,,
SIIL,,,
SIL,Standard Industries Limited,,
SILINV,SIL Investments Limited,,
SILLYMONKS,,,
SILVERTUC,,,
SIMBHALS,Simbhaoli Sugars Limited,CONSUMER GOODS,SUGAR
SIMPLEX,Simplex Projects Limited,,
SIMPLEXINF,Simplex Infrastructures Limited,CONSTRUCTION,
SINTERCOM,,,
SINTEX,Sintex Industries Limited,,
SIRCA,,,
SIS,Security and Intelligence Services (India) Limited,SERVICES,
SITASHREE,Sita Shree Food Products Limited,CONSUMER GOODS,FOOD PROCESSING
SITINET,Siti Networks Limited,MEDIA & ENTERTAINMENT,MEDIA & ENTERTAINMENT
SIYSIL,Siyaram Silk Mills Limited,,
SJVN,SJVN Limited,ENERGY,POWER - GENERATION & DISTRIBUTION
SKFINDIA,SKF India Limited,INDUSTRIAL MANUFACTURING,BEARINGS
SKIL,SKIL Infrastructure Limited,CONSTRUCTION,
SKIPPER,Skipper Limited,,
SKMEGGPROD,SKM Egg Products Export (India) Limited,,
SMARTLINK,Smartlink Network Systems Limited,,
SMLISUZU,SML Isuzu Limited,AUTOMOBILE,AUTO - LCVS & HCVS
SMPL,Splendid Metal Products Limited,METALS,
SMSLIFE,SMS Lifesciences India Limited,,
SMSPHARMA,SMS Pharmaceuticals Limited,PHARMA,PHARMACEUTICALS
SMVD,,,
SNOWMAN,Snowman Logistics Limited,SERVICES,TRANSPORT & LOGISTICS
SOBHA,Sobha Limited,CONSTRUCTION,CONSTRUCTION & CONTRACTING - REAL ESTATE
SOFTTECH,,,
SOLARA,,,
SOLARINDS,Solar Industries India Limited,CHEMICALS,CHEMICALS
SOLEX,,,
SOMANYCERA,Somany Ceramics Limited,CONSTRUCTION,CERAMICS & GRANITE
SOMATEX,Soma Textiles & Industries Limited,TEXTILES,TEXTILES-COMPOSITE-MILLS
SOMICONVEY,Somi Conveyor Beltings Limited,,
SONAMCLOCK,,,
SONATSOFTW,Sonata Software Limited,IT,COMPUTERS - SOFTWARE MEDIUM & SMALL
SORILINFRA,SORIL Infra Resources Limited,CONSTRUCTION,
SOTL,Savita Oil Technologies Limited,,
SOUTHBANK,The South Indian Bank Limited,FINANCIAL SERVICES,BANKS - PRIVATE SECTOR
SOUTHWEST,,,
SPAL,S. P. Apparels Limited,TEXTILES,TEXTILES - READYMADE APPARELS
SPARC,Sun Pharma Advanced Research Company Limited,PHARMA,PHARMACEUTICALS
SPECIALITY,Speciality Restaurants Limited,,
SPENTEX,Spentex Industries Limited,,
SPIC,Southern Petrochemicals Industries Corporation  Limited,CHEMICALS,CHEMICALS
SPICEMOBI,Spice Mobility Limited,,
SPLIL,SPL Industries Limited,,
SPMLINFRA,SPML Infra Limited,CONSTRUCTION,
SPTL,Sintex Plastics Technology Limited,INDUSTRIAL MANUFACTURING,
SPYL,Shekhawati Poly-Yarn Limited,,
SQSBFSI,SQS India BFSI Limited,,
SREEL,Sreeleathers Limited,,
SREIBNPNCD,,,
SREINFRA,SREI Infrastructure Finance Limited,FINANCIAL SERVICES,FINANCE - LEASING & HIRE PURCHASE
SRF,SRF Limited,TEXTILES,TEXTILES - MANMADE
SRHHYPOLTD,Sree Rayalaseema Hi-Strength Hypo Limited,,
SRIPIPES,Srikalahasthi Pipes Limited,,
SRIRAM,,,
SRSLTD,SRS Limited,,
SRTRANSFIN,Shriram Transport Finance Company Limited,FINANCIAL SERVICES,FINANCE - LEASING & HIRE PURCHASE
SSWL,Steel Strips Wheels Limited,METALS,
STAMPEDE,Stampede Capital Limited,,
STAN,,,
STAR,Strides Shasun Limited,PHARMA,PHARMACEUTICALS
STARCEMENT,Star Cement Limited,CEMENT & CEMENT PRODUCTS,
STARPAPER,Star Paper Mills Limited,,
STCINDIA,The State Trading Corporation of India Limited,,
STEELCITY,,,
STEELXIND,STEEL EXCHANGE INDIA LIMITED,METALS,
STEL,Stel Holdings Limited,,
STERTOOLS,Sterling Tools Limited,,
STRTECH,Sterlite Technologies Limited,TELECOM,CABLES - TELEPHONE
SUBEX,Subex Limited,,
SUBROS,Subros Limited,,
SUDARSCHEM,Sudarshan Chemical Industries Limited,CHEMICALS,DYES & PIGMENTS
SUJANAUNI,Sujana Universal Industries Limited,,
SUMEETINDS,Sumeet Industries Limited,,
SUMMITSEC,Summit Securities Limited,,
SUNCLAYLTD,Sundaram Clayton Limited,,
SUNDARAM,Sundaram Multi Pap Limited,,
SUNDARMFIN,Sundaram Finance Limited,FINANCIAL SERVICES,FINANCE - LEASING & HIRE PURCHASE
SUNDARMHLD,,,
SUNDRMBRAK,Sundaram Brake Linings Limited,,
SUNDRMFAST,Sundram Fasteners Limited,AUTOMOBILE,FASTENERS
SUNFLAG,Sunflag Iron And Steel Company Limited,METALS,
SUNILHITEC,Sunil Hitech Engineers Limited,INDUSTRIAL MANUFACTURING,
SUNPHARMA,Sun Pharmaceutical Industries Limited,PHARMA,PHARMACEUTICALS
SUNTECK,Sunteck Realty Limited,CONSTRUCTION,CONSTRUCTION & CONTRACTING - REAL ESTATE
SUNTV,Sun TV Network Limited,MEDIA & ENTERTAINMENT,MEDIA & ENTERTAINMENT
SUPERHOUSE,Superhouse Limited,,
SUPERSPIN,Super Spinning Mills Limited,,
SUPPETRO,Supreme Petrochem Limited,,
SUPRAJIT,Suprajit Engineering Limited,INDUSTRIAL MANUFACTURING,
SUPREMEIND,Supreme Industries Limited,INDUSTRIAL MANUFACTURING,PLASTICS
SUPREMEINF,Supreme Infrastructure India Limited,CONSTRUCTION,
SUPREMETEX,Supreme Tex Mart Limited,,
SURANAIND,Surana Industries Limited,,
SURANASOL,Surana Solar Limited,,
SURANAT&P,Surana Telecom and Power Limited,,
SURYALAXMI,Suryalakshmi Cotton Mills Limited,TEXTILES,TEXTILES - SPINNING - COTTON BLENDED
SURYAROSNI,Surya Roshni Limited,,
SUTLEJTEX,Sutlej Textiles and Industries Limited,TEXTILES,TEXTILES - GENERAL
SUULD,,,
SUVEN,Suven Life Sciences Limited,PHARMA,PHARMACEUTICALS
SUZLON,Suzlon Energy Limited,INDUSTRIAL MANUFACTURING,POWER - GENERATION & DISTRIBUTION
SWANENERGY,Swan Energy Limited,TEXTILES,TRADING
SWARAJENG,Swaraj Engines Limited,,
SWELECTES,Swelect Energy Systems Limited,,
symbol,stock_name,industry,sector
SYMPHONY,Symphony Limited,CONSUMER GOODS,CONSUMER GOODS - WHITE GOODS
SYNCOM,Syncom Healthcare Limited,PHARMA,PHARMACEUTICALS
SYNDIBANK,Syndicate Bank,FINANCIAL SERVICES,BANKS - PUBLIC SECTOR
SYNGENE,Syngene International Limited,PHARMA,MISCELLANEOUS
TAINWALCHM,Tainwala Chemical and Plastic (I) Limited,CHEMICALS,CHEMICALS
TAJGVK,Taj GVK Hotels & Resorts Limited,SERVICES,HOTELS
TAKE,Take Solutions Limited,IT,COMPUTERS - SOFTWARE MEDIUM & SMALL
TALBROAUTO,Talbros Automotive Components Limited,AUTOMOBILE,AUTO ANCILLARIES
TALWALKARS,Talwalkars Better Value Fitness Limited,,
TALWGYM,,,
TANLA,Tanla Solutions Limited,,
TANTIACONS,Tantia Constructions Limited,CONSTRUCTION,CONSTRUCTION & CONTRACTING - CIVIL
TARACHAND,,,
TARAJEWELS,Tara Jewels Limited,,
TARAPUR,Tarapur Transformers Limited,,
TARMAT,Tarmat Limited,,
TASTYBITE,Tasty Bite Eatables Limited,,
TATACHEM,Tata Chemicals Limited,CHEMICALS,CHEMICALS
TATACOFFEE,Tata Coffee Limited,CONSUMER GOODS,PLANTATIONS - TEA & COFFEE
TATACOMM,Tata Communications Limited,TELECOM,TELECOMMUNICATIONS - SERVICE
TATAELXSI,Tata Elxsi Limited,IT,COMPUTERS - SOFTWARE
TATAGLOBAL,Tata Global Beverages Limited,CONSUMER GOODS,PLANTATIONS - TEA & COFFEE
TATAINVEST,Tata Investment Corporation Limited,FINANCIAL SERVICES,FINANCE - INVESTMENTS
TATAMETALI,Tata Metaliks Limited,METALS,
TATAMOTORS,Tata Motors Limited,AUTOMOBILE,AUTO - LCVS & HCVS
TATAMTRDVR,Tata Motors Limited,AUTOMOBILE,AUTO - LCVS & HCVS
TATAPOWER,Tata Power Company Limited,ENERGY,POWER - GENERATION & DISTRIBUTION
TATASPONGE,Tata Sponge Iron Limited,METALS,STEEL - SPONGE IRON
TATASTEEL,Tata Steel Limited,METALS,STEEL - LARGE
TBZ,Tribhovandas Bhimji Zaveri Limited,,
TCFSL,,,
TCI,Transport Corporation of India Limited,,
TCIDEVELOP,TCI Developers Limited,,
TCIEXP,TCI Express Limited,,
TCIFINANCE,TCI Finance Limited,FINANCIAL SERVICES,FINANCE - LEASING & HIRE PURCHASE
TCPLPACK,,,
TCS,Tata Consultancy Services Limited,IT,COMPUTERS - SOFTWARE
TDPOWERSYS,TD Power Systems Limited,,
TEAMLEASE,Teamlease Services Limited,,
TECHIN,Techindia Nirman Limited,,
TECHM,Tech Mahindra Limited,IT,COMPUTERS - SOFTWARE
TECHNO,Techno Electric & Engineering Company Limited,CONSTRUCTION,ELECTRIC EQUIPMENT
TECHNOFAB,Technofab Engineering Limited,INDUSTRIAL MANUFACTURING,
TEJASNET,Tejas Networks Limited,,
TERASOFT,Tera Software Limited,IT,
TEXINFRA,Texmaco Infrastructure & Holdings Limited,CONSTRUCTION,
TEXMOPIPES,Texmo Pipes and Products Limited,,
TEXRAIL,Texmaco Rail & Engineering Limited,INDUSTRIAL MANUFACTURING,INFRASTRUCTURE - GENERAL
TFCILTD,Tourism Finance Corporation of India Limited,FINANCIAL SERVICES,FINANCE - LEASING & HIRE PURCHASE
TFL,Transwarranty Finance Limited,FINANCIAL SERVICES,FINANCE - LEASING & HIRE PURCHASE
TGBHOTELS,TGB Banquets And Hotels Limited,SERVICES,HOTELS
THANGAMAYL,Thangamayil Jewellery Limited,,
THEMISMED,Themis Medicare Limited,,
THERMAX,Thermax Limited,INDUSTRIAL MANUFACTURING,INFRASTRUCTURE - GENERAL
THIRUSUGAR,Thiru Arooran Sugars Limited,CONSUMER GOODS,SUGAR
THOMASCOOK,Thomas Cook  (India)  Limited,SERVICES,MISCELLANEOUS
THOMASCOTT,Thomas Scott (India) Limited,,
THYROCARE,Thyrocare Technologies Limited,HEALTHCARE SERVICES,HOSPITALS & MEDICAL SERVICES
TI,Tilaknagar Industries Limited,,
TIDEWATER,Tide Water Oil Company (India) Limited,,
TIFIN,TI Financial Holdings Limited,FINANCIAL SERVICES,MISCELLANEOUS
TIIL,Technocraft Industries (India) Limited,,
TIINDIA,Tube Investments of India Ltd.,AUTOMOBILE,
TIJARIA,Tijaria Polypipes Limited,,
TIL,TIL Limited,,
TIMESGTY,Times Guaranty Limited,,
TIMETECHNO,Time Technoplast Limited,INDUSTRIAL MANUFACTURING,
TIMKEN,Timken India Limited,INDUSTRIAL MANUFACTURING,BEARINGS
TINPLATE,The Tinplate Company of India Limited,,
TIPSINDLTD,TIPS Industries Limited,,
TIRUMALCHM,Thirumalai Chemicals Limited,CHEMICALS,CHEMICALS
TIRUPATIFL,,,
TITAN,Titan Company Limited,CONSUMER GOODS,MISCELLANEOUS
TMRVL,The Mandhana Retail Ventures Limited,CONSUMER GOODS,RETAIL
TNPETRO,Tamilnadu PetroProducts Limited,,
TNPL,Tamil Nadu Newsprint & Papers Limited,PAPER,PAPER
TNTELE,Tamilnadu Telecommunication Limited,,
TOKYOPLAST,Tokyo Plast International Limited,,
TORNTPHARM,Torrent Pharmaceuticals Limited,PHARMA,PHARMACEUTICALS
TORNTPOWER,Torrent Power Limited,ENERGY,POWER - GENERATION & DISTRIBUTION
TOTAL,,,
TOUCHWOOD,,,
TPLPLASTEH,TPL Plastech Limited,,
TREEHOUSE,Tree House Education & Accessories Limited,,
TRENT,Trent Limited,CONSUMER GOODS,RETAIL
TRF,TRF Limited,,
TRIDENT,Trident Limited,TEXTILES,TEXTILES - SPINNING - COTTON BLENDED
TRIGYN,Trigyn Technologies Limited,,
TRIL,Transformers And Rectifiers (India) Limited,,
TRITURBINE,Triveni Turbine Limited,INDUSTRIAL MANUFACTURING,ELECTRIC EQUIPMENT
TRIVENI,Triveni Engineering & Industries Limited,INDUSTRIAL MANUFACTURING,
TTKHLTCARE,TTK Healthcare Limited,PHARMA,PHARMACEUTICALS
TTKPRESTIG,TTK Prestige Limited,CONSUMER GOODS,DOMESTIC APPLIANCES
TTL,T T Limited,,
TTML,Tata Teleservices (Maharashtra) Limited,TELECOM,TELECOMMUNICATIONS - SERVICE
TULSI,Tulsi Extrusions Limited,,
TV18BRDCST,TV18 Broadcast Limited,MEDIA & ENTERTAINMENT,MEDIA & ENTERTAINMENT
TVSELECT,TVS Electronics Limited,,
TVSMOTOR,TVS Motor Company Limited,AUTOMOBILE,AUTO - 2 & 3 WHEELERS
TVSSRICHAK,TVS Srichakra Limited,AUTOMOBILE,TYRES
TVTODAY,TV Today Network Limited,MEDIA & ENTERTAINMENT,MEDIA & ENTERTAINMENT
TVVISION,TV Vision Limited,,
TWL,Titagarh Wagons Limited,INDUSTRIAL MANUFACTURING,INFRASTRUCTURE - GENERAL
UBL,United Breweries Limited,CONSUMER GOODS,BREWERIES & DISTILLERIES
UCALFUEL,Ucal Fuel Systems Limited,,
UCOBANK,UCO Bank,FINANCIAL SERVICES,BANKS - PUBLIC SECTOR
UFLEX,UFLEX Limited,INDUSTRIAL MANUFACTURING,PACKAGING
UFO,UFO Moviez India Limited,,
UGARSUGAR,The Ugar Sugar Works Limited,CONSUMER GOODS,SUGAR
UJAAS,Ujaas Energy Limited,,
UJJIVAN,Ujjivan Financial Services Limited,FINANCIAL SERVICES,FINANCE - GENERAL
ULTRACEMCO,UltraTech Cement Limited,CEMENT & CEMENT PRODUCTS,CEMENT - MAJOR
UMANGDAIRY,Umang Dairies Limited,,
UMESLTD,Usha Martin Education & Solutions Limited,,
UNICHEMLAB,Unichem Laboratories Limited,PHARMA,PHARMACEUTICALS
UNIENTER,Uniphos Enterprises Limited,,
UNIINFO,,,
UNIONBANK,Union Bank of India,FINANCIAL SERVICES,BANKS - PUBLIC SECTOR
UNIPLY,Uniply Industries Limited,,
UNITECH,Unitech Limited,CONSTRUCTION,CONSTRUCTION & CONTRACTING - CIVIL
UNITEDBNK,United Bank of India,FINANCIAL SERVICES,BANKS - PUBLIC SECTOR
UNITY,Unity Infraprojects Limited,CONSTRUCTION,
UNIVCABLES,Universal Cables Limited,,
UPL,UPL Limited,FERTILISERS & PESTICIDES,CHEMICALS
URJA,Urja Global Limited,,
USHAMART,Usha Martin Limited,,
USHERAGRO,Usher Agro Limited,,
UTIFEFRGR4,,,
UTINEXT50,,,
UTINIFTETF,,,
UTTAMSTL,Uttam Galva Steels Limited,METALS,
UTTAMSUGAR,Uttam Sugar Mills Limited,CONSUMER GOODS,SUGAR
UVSL,Uttam Value Steels Limited,METALS,
V2RETAIL,V2 Retail Limited,CONSUMER GOODS,RETAIL
VADILALIND,Vadilal Industries Limited,,
VAIBHAVGBL,Vaibhav Global Limited,,
VAKRANGEE,Vakrangee Limited,IT,COMPUTERS - SOFTWARE MEDIUM & SMALL
VARDHACRLC,Vardhman Acrylics Limited,,
VARDMNPOLY,Vardhman Polytex Limited,,
VARROC,,,
VASA,,,
VASCONEQ,Vascon Engineers Limited,INDUSTRIAL MANUFACTURING,
VASWANI,Vaswani Industries Limited,,
VBL,Varun Beverages Limited,CONSUMER GOODS,FOOD PROCESSING
VEDL,Vedanta Limited,METALS,MINING & MINERALS
VENKEYS,Venky's (India) Limited,,
VENUSREM,Venus Remedies Limited,,
VERTOZ,,,
VESUVIUS,Vesuvius India Limited,,
VETO,Veto Switchgears And Cables Limited,,
VGUARD,V-Guard Industries Limited,INDUSTRIAL MANUFACTURING,ELECTRIC EQUIPMENT
VHL,Vardhman Holdings Limited,,
VICEROY,Viceroy Hotels Limited,SERVICES,HOTELS
VIDEOIND,Videocon Industries Limited,CONSUMER GOODS,CONSUMER GOODS - ELECTRONIC
VIDHIING,Vidhi Specialty Food Ingredients Limited,CONSUMER GOODS,FOOD PROCESSING
VIJAYABANK,Vijaya Bank,FINANCIAL SERVICES,BANKS - PUBLIC SECTOR
VIJIFIN,,,
VIJSHAN,Vijay Shanthi Builders Limited,,
VIKASECO,Vikas EcoTech Limited,,
VIMTALABS,Vimta Labs Limited,,
VINATIORGA,Vinati Organics Limited,CHEMICALS,CHEMICALS
VINDHYATEL,Vindhya Telelinks Limited,,
VINYLINDIA,Vinyl Chemicals (India) Limited,CHEMICALS,CHEMICALS
VIPCLOTHNG,VIP Clothing Limited,TEXTILES,TEXTILES - READYMADE APPARELS
VIPIND,VIP Industries Limited,CONSUMER GOODS,PLASTICS
VIPULLTD,Vipul Limited,,
VISAKAIND,Visaka Industries Limited,,
VISASTEEL,Visa Steel Limited,METALS,
VISESHINFO,,,
VISHNU,Vishnu Chemicals Limited,CHEMICALS,CHEMICALS
VIVIDHA,Visagar Polytex Limited,,
VIVIMEDLAB,Vivimed Labs Limited,,
VLSFINANCE,VLS Finance Limited,FINANCIAL SERVICES,FINANCE - LEASING & HIRE PURCHASE
VMART,V-Mart Retail Limited,CONSUMER GOODS,RETAIL
VOLTAMP,Voltamp Transformers Limited,,
VOLTAS,Voltas Limited,CONSTRUCTION,DIVERSIFIED
VRLLOG,VRL Logistics Limited,SERVICES,TRANSPORT & LOGISTICS
VSCL,,,
VSSL,Vardhman Special Steels Limited,METALS,
VSTIND,VST Industries Limited,CONSUMER GOODS,CIGARETTES
VSTTILLERS,V.S.T Tillers Tractors Limited,,
VTL,Vardhman Textiles Limited,TEXTILES,TEXTILES - SPINNING - COTTON BLENDED
WABAG,VA Tech Wabag Limited,SERVICES,INFRASTRUCTURE - GENERAL
WABCOINDIA,WABCO India Limited,AUTOMOBILE,AUTO ANCILLARIES
WALCHANNAG,Walchandnagar Industries Limited,,
WANBURY,Wanbury Limited,,
WEBELSOLAR,Websol Energy System Limited,,
WEIZFOREX,Weizmann Forex Limited,,
WEIZMANIND,Weizmann Limited,,
WELCORP,Welspun Corp Limited,METALS,STEEL - TUBES & PIPES
WELENT,Welspun Enterprises Limited,,
WELINV,Welspun Investments and Commercials Limited,,
WELSPUNIND,Welspun India Limited,TEXTILES,TEXTILES - WEAVING
WENDT,Wendt (India) Limited,,
WHEELS,Wheels India Limited,,
WHIRLPOOL,Whirlpool of India Limited,CONSUMER GOODS,CONSUMER GOODS - WHITE GOODS
WILLAMAGOR,Williamson Magor & Company Limited,,
WINDMACHIN,Windsor Machines Limited,,
WINSOME,Winsome Yarns Limited,,
WIPRO,Wipro Limited,IT,COMPUTERS - SOFTWARE
WOCKPHARMA,Wockhardt Limited,PHARMA,PHARMACEUTICALS
WONDERLA,Wonderla Holidays Limited,FINANCIAL SERVICES,MISCELLANEOUS
WSI,W S Industries (I) Limited,,
WSTCSTPAPR,West Coast Paper Mills Limited,,
XCHANGING,Xchanging Solutions Limited,,
XLENERGY,XL Energy Limited,,
XPROINDIA,Xpro India Limited,,
YESBANK,Yes Bank Limited,FINANCIAL SERVICES,BANKS - PRIVATE SECTOR
ZEEL,Zee Entertainment Enterprises Limited,MEDIA & ENTERTAINMENT,MEDIA & ENTERTAINMENT
ZEELEARN,Zee Learn Limited,MEDIA & ENTERTAINMENT,
ZEEMEDIA,Zee Media Corporation Limited,,
ZENITHBIR,,,
ZENITHEXPO,Zenith Exports Limited,,
ZENSARTECH,Zensar Technologies Limited,IT,COMPUTERS - SOFTWARE
ZENTEC,Zen Technologies Limited,,
ZICOM,Zicom Electronic Security Systems Limited,,
ZODIAC,,,
ZODIACLOTH,Zodiac Clothing Company Limited,TEXTILES,TEXTILES - READYMADE APPARELS
ZODJRDMKJ,Zodiac JRD- MKJ Limited,,
ZOTA,,,
ZUARI,Zuari Agro Chemicals Limited,CHEMICALS,FERTILISERS
ZUARIGLOB,Zuari Global Limited,,
ZYDUSWELL,Zydus Wellness Limited,,
ZYLOG,Zylog Systems Limited,,
